condition,cue_x,cue_y,target_x,target_y,thisN,thisTrialN,thisRepN,key_resp_3.keys,key_resp_3.rt,key_resp_3.duration,key_resp.keys,key_resp.rt,key_resp.duration,trials_2.thisRepN,trials_2.thisTrialN,trials_2.thisN,trials_2.thisIndex,trials.thisRepN,trials.thisTrialN,trials.thisN,trials.thisIndex,thisRow.t,notes,instructions.started,text.started,key_resp_2.started,instructions.stopped,key_resp_2.keys,key_resp_2.rt,key_resp_2.duration,practice.started,fixation_2.started,Left_rect_2.started,Right_rect_2.started,cue_2.started,cue_2.stopped,target_2.started,key_resp_3.started,practice.stopped,trials_2.key_resp_3.keys,trials_2.key_resp_3.rt,trials_2.key_resp_3.duration,fixation_2.stopped,Left_rect_2.stopped,Right_rect_2.stopped,target_2.stopped,key_resp_3.stopped,instructions_2.started,text_3.started,key_resp_4.started,instructions_2.stopped,key_resp_4.keys,key_resp_4.rt,key_resp_4.duration,trial.started,fixation.started,Left_rect.started,Right_rect.started,cue.started,cue.stopped,target.started,key_resp.started,trial.stopped,trials.key_resp.keys,trials.key_resp.rt,trials.key_resp.duration,blank.started,text_2.started,text_2.stopped,blank.stopped,fixation.stopped,Left_rect.stopped,Right_rect.stopped,target.stopped,key_resp.stopped,participant,session,date,expName,expVersion,psychopyVersion,frameRate,expStart,
,,,,,,,,,,,,,,,,,,,,,,,,0.0028440000023692846,0.007165900009567849,0.007165900009567849,16.60380399999849,space,16.579242399995564,None,,,,,,,,,,,,,,,,,,,,,,,,,,,,,,,,,,,,,,,,,,,,,,P2,001,2025-11-21_18h09.43.917,solo_project,,2025.1.1,59.961564634092184,2025-11-21 18h09.56.773523 +0530,
invalid_diff,-0.168,0.175,0.168,0.149,0,0,0,up,0.8810528999892995,None,,,,0,0,0,6,,,,,16.625015800003894,,,,,,,,,16.61903020000318,16.625015800003894,17.611557600001106,17.611557600001106,17.611557600001106,17.711359300010372,17.911381300000357,17.911381300000357,18.79551419999916,up,0.8810528999892995,None,,,,,,,,,,,,,,,,,,,,,,,,,,,,,,,,,,P2,001,2025-11-21_18h09.43.917,solo_project,,2025.1.1,59.961564634092184,2025-11-21 18h09.56.773523 +0530,
valid,-0.168,-0.175,-0.168,-0.149,1,1,0,up,0.6178842000081204,None,,,,0,1,1,1,,,,,18.811517499998445,,,,,,,,,18.79624550000881,18.811517499998445,19.795022899998003,19.795022899998003,19.795022899998003,19.894867900002282,20.095128300003125,20.095128300003125,20.728834599998663,up,0.6178842000081204,None,,,,,,,,,,,,,,,,,,,,,,,,,,,,,,,,,,P2,001,2025-11-21_18h09.43.917,solo_project,,2025.1.1,59.961564634092184,2025-11-21 18h09.56.773523 +0530,
invalid_same,-0.168,-0.175,-0.168,0.149,2,2,0,up,0.5222245000040857,None,,,,0,2,2,5,,,,,20.744771900004707,,,,,,,,,20.729625799998757,20.744771900004707,21.72820490000595,21.72820490000595,21.72820490000595,21.82815169999958,22.02826420000929,22.02826420000929,22.562397100002272,up,0.5222245000040857,None,,,,,,,,,,,,,,,,,,,,,,,,,,,,,,,,,,P2,001,2025-11-21_18h09.43.917,solo_project,,2025.1.1,59.961564634092184,2025-11-21 18h09.56.773523 +0530,
catch,-0.168,-0.175,None,None,3,3,0,None,,,,,,0,3,3,9,,,,,22.578100800004904,,,,,,,,,22.563581200010958,22.578100800004904,23.57806630000414,23.57806630000414,23.57806630000414,23.677817200004938,23.87792100000661,23.87792100000661,25.861969400008093,None,,,25.861484000008204,25.861484000008204,25.861484000008204,25.878039500006707,25.878039500006707,,,,,,,,,,,,,,,,,,,,,,,,,,,,,P2,001,2025-11-21_18h09.43.917,solo_project,,2025.1.1,59.961564634092184,2025-11-21 18h09.56.773523 +0530,
invalid_same,-0.168,0.175,-0.168,-0.149,4,4,0,up,0.4484366999968188,None,,,,0,4,4,4,,,,,25.878039500006707,,,,,,,,,25.862658900005044,25.878039500006707,26.86160460000974,26.86160460000974,26.86160460000974,26.96164230001159,27.161713900000905,27.161713900000905,27.612310700002126,up,0.4484366999968188,None,,,,,,,,,,,,,,,,,,,,,,,,,,,,,,,,,,P2,001,2025-11-21_18h09.43.917,solo_project,,2025.1.1,59.961564634092184,2025-11-21 18h09.56.773523 +0530,
invalid_diff,-0.168,-0.175,0.168,-0.149,5,5,0,up,0.485162400000263,None,,,,0,5,5,7,,,,,27.628262600002927,,,,,,,,,27.613023099998827,27.628262600002927,28.611773900003755,28.611773900003755,28.611773900003755,28.71152160000929,28.911551400000462,28.911551400000462,29.412325500001316,up,0.485162400000263,None,,,,,,,,,,,,,,,,,,,,,,,,,,,,,,,,,,P2,001,2025-11-21_18h09.43.917,solo_project,,2025.1.1,59.961564634092184,2025-11-21 18h09.56.773523 +0530,
valid,-0.168,0.175,-0.168,0.149,6,6,0,up,0.4676545999973314,None,,,,0,6,6,0,,,,,29.42817910001031,,,,,,,,,29.413012600009097,29.42817910001031,30.42793810000876,30.42793810000876,30.42793810000876,30.52791060000891,30.711692500000936,30.711692500000936,31.195583400010946,up,0.4676545999973314,None,,,,,,,,,,,,,,,,,,,,,,,,,,,,,,,,,,P2,001,2025-11-21_18h09.43.917,solo_project,,2025.1.1,59.961564634092184,2025-11-21 18h09.56.773523 +0530,
catch,-0.168,0.175,None,None,7,7,0,None,,,,,,0,7,7,8,,,,,31.211514399998123,,,,,,,,,31.19651480000175,31.211514399998123,32.19487669999944,32.19487669999944,32.19487669999944,32.29468040000938,32.49511880001228,32.49511880001228,34.47877270000754,None,,,34.49468190000334,34.49468190000334,34.49468190000334,34.49468190000334,34.49468190000334,,,,,,,,,,,,,,,,,,,,,,,,,,,,,P2,001,2025-11-21_18h09.43.917,solo_project,,2025.1.1,59.961564634092184,2025-11-21 18h09.56.773523 +0530,
valid,0.168,-0.175,0.168,-0.149,8,8,0,up,0.3674399000010453,None,,,,0,8,8,3,,,,,34.49468190000334,,,,,,,,,34.47947250001016,34.49468190000334,35.51152450000518,35.51152450000518,35.51152450000518,35.61137280000548,35.81158010000945,35.81158010000945,36.19538150000153,up,0.3674399000010453,None,,,,,,,,,,,,,,,,,,,,,,,,,,,,,,,,,,P2,001,2025-11-21_18h09.43.917,solo_project,,2025.1.1,59.961564634092184,2025-11-21 18h09.56.773523 +0530,
valid,0.168,0.175,0.168,0.149,9,9,0,up,0.3596331000007922,None,,,,0,9,9,2,,,,,36.211364000002504,,,,,,,,,36.19628780000494,36.211364000002504,37.194914100007736,37.194914100007736,37.194914100007736,37.29501990000426,37.49504570000863,37.49504570000863,37.862232700004824,up,0.3596331000007922,None,,,,,,,,,,,,,,,,,,,,,,,,,,,,,,,,,,P2,001,2025-11-21_18h09.43.917,solo_project,,2025.1.1,59.961564634092184,2025-11-21 18h09.56.773523 +0530,
,,,,,,,,,,,,,,,,,,,,,,,,,,,,,,,,,,,,,,,,,,,,,,,,37.86242720000155,37.878249100001995,37.878249100001995,40.94551010000578,space,3.0599963999993633,None,,,,,,,,,,,,,,,,,,,,,,P2,001,2025-11-21_18h09.43.917,solo_project,,2025.1.1,59.961564634092184,2025-11-21 18h09.56.773523 +0530,
valid,-0.168,0.175,-0.168,0.149,0,0,0,,,,up,0.37733759998809546,None,,,,,0,0,0,12,40.975008599998546,,,,,,,,,,,,,,,,,,,,,,,,,,,,,,,,,40.96840070000326,40.975008599998546,41.96119690001069,41.96119690001069,41.96119690001069,42.061224700009916,42.26127640000777,42.26127640000777,42.645498900004895,up,0.37733759998809546,None,42.64560650000931,42.66147360000468,43.16160450001189,43.145136400009505,,,,,,P2,001,2025-11-21_18h09.43.917,solo_project,,2025.1.1,59.961564634092184,2025-11-21 18h09.56.773523 +0530,
valid,-0.168,0.175,-0.168,0.149,1,1,0,,,,up,0.3499977999890689,None,,,,,0,1,1,8,43.16160450001189,,,,,,,,,,,,,,,,,,,,,,,,,,,,,,,,,43.14586850001069,43.16160450001189,44.14488010000787,44.14488010000787,44.14488010000787,44.244830299998284,44.44484530000773,44.44484530000773,44.79598690000421,up,0.3499977999890689,None,44.796099900006084,44.81150210001215,45.311665100001846,45.2952770999982,,,,,,P2,001,2025-11-21_18h09.43.917,solo_project,,2025.1.1,59.961564634092184,2025-11-21 18h09.56.773523 +0530,
invalid_diff,0.168,-0.175,-0.168,-0.149,2,2,0,,,,up,0.4554937000066275,None,,,,,0,2,2,31,45.311665100001846,,,,,,,,,,,,,,,,,,,,,,,,,,,,,,,,,45.296100600011414,45.311665100001846,46.31159730000945,46.31159730000945,46.31159730000945,46.411602699998184,46.611578399999416,46.611578399999416,47.07879590000084,up,0.4554937000066275,None,47.07890770000813,47.09477640000114,47.59455710000475,47.57811030000448,,,,,,P2,001,2025-11-21_18h09.43.917,solo_project,,2025.1.1,59.961564634092184,2025-11-21 18h09.56.773523 +0530,
valid,-0.168,-0.175,-0.168,-0.149,3,3,0,,,,up,0.3813422000093851,None,,,,,0,3,3,17,47.59455710000475,,,,,,,,,,,,,,,,,,,,,,,,,,,,,,,,,47.57874740000989,47.59455710000475,48.57811899999797,48.57811899999797,48.57811899999797,48.677880600007484,48.878161700005876,48.878161700005876,49.26274540000304,up,0.3813422000093851,None,49.262872400009655,49.277927400005865,49.7781088000047,49.76180030000978,,,,,,P2,001,2025-11-21_18h09.43.917,solo_project,,2025.1.1,59.961564634092184,2025-11-21 18h09.56.773523 +0530,
catch,-0.168,-0.175,None,None,4,4,0,,,,None,,,,,,,0,4,4,33,49.7781088000047,,,,,,,,,,,,,,,,,,,,,,,,,,,,,,,,,49.76277960000152,49.7781088000047,50.77808060000825,50.77808060000825,50.77808060000825,50.87809510000807,51.077991300000576,51.077991300000576,53.0621167000063,None,,,53.06220369999937,53.07785130001139,53.57791000000725,53.56158439999854,53.07785130001139,53.07785130001139,53.07785130001139,53.07785130001139,53.07785130001139,P2,001,2025-11-21_18h09.43.917,solo_project,,2025.1.1,59.961564634092184,2025-11-21 18h09.56.773523 +0530,
valid,0.168,-0.175,0.168,-0.149,5,5,0,,,,up,0.34517509999568574,None,,,,,0,5,5,11,53.57791000000725,,,,,,,,,,,,,,,,,,,,,,,,,,,,,,,,,53.56237189999956,53.57791000000725,54.57803220000642,54.57803220000642,54.57803220000642,54.67802780000784,54.87810990000435,54.87810990000435,55.228735299999244,up,0.34517509999568574,None,55.228851600011694,55.24488650000421,55.74487229999795,55.728424800006906,,,,,,P2,001,2025-11-21_18h09.43.917,solo_project,,2025.1.1,59.961564634092184,2025-11-21 18h09.56.773523 +0530,
valid,0.168,0.175,0.168,0.149,6,6,0,,,,up,0.33928190000006,None,,,,,0,6,6,14,55.74487229999795,,,,,,,,,,,,,,,,,,,,,,,,,,,,,,,,,55.729160700007924,55.74487229999795,56.728036300002714,56.728036300002714,56.728036300002714,56.82801019999897,57.02807280000707,57.02807280000707,57.37878740001179,up,0.33928190000006,None,57.378900600000634,57.39460450000479,57.89520930001163,57.878481899999315,,,,,,P2,001,2025-11-21_18h09.43.917,solo_project,,2025.1.1,59.961564634092184,2025-11-21 18h09.56.773523 +0530,
valid,0.168,-0.175,0.168,-0.149,7,7,0,,,,up,0.35127930001181085,None,,,,,0,7,7,23,57.89520930001163,,,,,,,,,,,,,,,,,,,,,,,,,,,,,,,,,57.879206800003885,57.89520930001163,58.87798030000704,58.87798030000704,58.87798030000704,58.97803810000187,59.17810630000895,59.17810630000895,59.54534209999838,up,0.35127930001181085,None,59.54550069999823,59.561215100009576,60.061167600011686,60.04489790000662,,,,,,P2,001,2025-11-21_18h09.43.917,solo_project,,2025.1.1,59.961564634092184,2025-11-21 18h09.56.773523 +0530,
valid,-0.168,0.175,-0.168,0.149,8,8,0,,,,up,0.3007306000072276,None,,,,,0,8,8,20,60.061167600011686,,,,,,,,,,,,,,,,,,,,,,,,,,,,,,,,,60.04552770000009,60.061167600011686,61.044892500009155,61.044892500009155,61.044892500009155,61.14477480000642,61.34493980000843,61.34493980000843,61.66198879999865,up,0.3007306000072276,None,61.662112600010005,61.67804260000412,62.17802840001241,62.161530800003675,,,,,,P2,001,2025-11-21_18h09.43.917,solo_project,,2025.1.1,59.961564634092184,2025-11-21 18h09.56.773523 +0530,
valid,-0.168,-0.175,-0.168,-0.149,9,9,0,,,,up,0.3968726000020979,None,,,,,0,9,9,21,62.17802840001241,,,,,,,,,,,,,,,,,,,,,,,,,,,,,,,,,62.16225990001112,62.17802840001241,63.16144650000206,63.16144650000206,63.16144650000206,63.261369300002116,63.4614653000026,63.4614653000026,63.86209160000726,up,0.3968726000020979,None,63.86220550000144,63.87813989999995,64.37807630001043,64.36180700000841,,,,,,P2,001,2025-11-21_18h09.43.917,solo_project,,2025.1.1,59.961564634092184,2025-11-21 18h09.56.773523 +0530,
valid,-0.168,0.175,-0.168,0.149,10,10,0,,,,up,0.1886506000009831,None,,,,,0,10,10,0,64.37807630001043,,,,,,,,,,,,,,,,,,,,,,,,,,,,,,,,,64.36260100000072,64.37807630001043,65.36136170000827,65.36136170000827,65.36136170000827,65.46111720000044,65.6610503999982,65.6610503999982,65.86164640000788,up,0.1886506000009831,None,65.86174770000798,65.87786490000144,66.37804550000874,66.36125760000141,,,,,,P2,001,2025-11-21_18h09.43.917,solo_project,,2025.1.1,59.961564634092184,2025-11-21 18h09.56.773523 +0530,
invalid_same,0.168,-0.175,0.168,0.149,11,11,0,,,,up,0.3393128999887267,None,,,,,0,11,11,27,66.37804550000874,,,,,,,,,,,,,,,,,,,,,,,,,,,,,,,,,66.36174110000138,66.37804550000874,67.36138349999965,67.36138349999965,67.36138349999965,67.46143400001165,67.66139459999977,67.66139459999977,68.01224190001085,up,0.3393128999887267,None,68.01235499999893,68.0278643000056,68.52810910000699,68.51171390000673,,,,,,P2,001,2025-11-21_18h09.43.917,solo_project,,2025.1.1,59.961564634092184,2025-11-21 18h09.56.773523 +0530,
valid,0.168,0.175,0.168,0.149,12,12,0,,,,up,0.406241399992723,None,,,,,0,12,12,22,68.52810910000699,,,,,,,,,,,,,,,,,,,,,,,,,,,,,,,,,68.51250360000995,68.52810910000699,69.52804190000461,69.52804190000461,69.52804190000461,69.62810240000545,69.81134590000147,69.81134590000147,70.22877159999916,up,0.406241399992723,None,70.22888500000408,70.24470830000064,70.74475290000555,70.72829920001095,,,,,,P2,001,2025-11-21_18h09.43.917,solo_project,,2025.1.1,59.961564634092184,2025-11-21 18h09.56.773523 +0530,
valid,0.168,-0.175,0.168,-0.149,13,13,0,,,,up,0.3883291999954963,None,,,,,0,13,13,15,70.74475290000555,,,,,,,,,,,,,,,,,,,,,,,,,,,,,,,,,70.72904500000004,70.74475290000555,71.7444714000012,71.7444714000012,71.7444714000012,71.84458550000272,72.0445197000081,72.0445197000081,72.44548010001017,up,0.3883291999954963,None,72.44559319999826,72.46134500000335,72.96131120000791,72.94510490000539,,,,,,P2,001,2025-11-21_18h09.43.917,solo_project,,2025.1.1,59.961564634092184,2025-11-21 18h09.56.773523 +0530,
valid,-0.168,-0.175,-0.168,-0.149,14,14,0,,,,up,0.314510700001847,None,,,,,0,14,14,13,72.96131120000791,,,,,,,,,,,,,,,,,,,,,,,,,,,,,,,,,72.94601060000423,72.96131120000791,73.94486680001137,73.94486680001137,73.94486680001137,74.04478470000322,74.24479170000996,74.24479170000996,74.56205839999893,up,0.314510700001847,None,74.5621722000069,74.5779201000114,75.07793860000675,75.06167600001208,,,,,,P2,001,2025-11-21_18h09.43.917,solo_project,,2025.1.1,59.961564634092184,2025-11-21 18h09.56.773523 +0530,
catch,0.168,0.175,None,None,15,15,0,,,,None,,,,,,,0,15,15,34,75.07793860000675,,,,,,,,,,,,,,,,,,,,,,,,,,,,,,,,,75.06263130001025,75.07793860000675,76.06134810000367,76.06134810000367,76.06134810000367,76.16141400000197,76.36127040001156,76.36127040001156,78.34523700000136,None,,,78.34531810000772,78.36122360000445,78.8611069000035,78.84521730001143,78.36122360000445,78.36122360000445,78.36122360000445,78.36122360000445,78.36122360000445,P2,001,2025-11-21_18h09.43.917,solo_project,,2025.1.1,59.961564634092184,2025-11-21 18h09.56.773523 +0530,
catch,-0.168,0.175,None,None,16,16,0,,,,up,0.4112793999956921,None,,,,,0,16,16,32,78.8611069000035,,,,,,,,,,,,,,,,,,,,,,,,,,,,,,,,,78.84623250000004,78.8611069000035,79.86131300000125,79.86131300000125,79.86131300000125,79.961409800002,80.16124050000508,80.16124050000508,80.57875890001014,up,0.4112793999956921,None,80.57887230000051,80.5946888000035,81.09458679999807,81.07825170000433,,,,,,P2,001,2025-11-21_18h09.43.917,solo_project,,2025.1.1,59.961564634092184,2025-11-21 18h09.56.773523 +0530,
invalid_diff,-0.168,-0.175,0.168,-0.149,17,17,0,,,,up,0.4039887999970233,None,,,,,0,17,17,29,81.09458679999807,,,,,,,,,,,,,,,,,,,,,,,,,,,,,,,,,81.07897500001127,81.09458679999807,82.07804079999914,82.07804079999914,82.07804079999914,82.17803190000996,82.3780778000073,82.3780778000073,82.79540960000304,up,0.4039887999970233,None,82.79552090000652,82.81129030000011,83.31104280000727,83.29482980001194,,,,,,P2,001,2025-11-21_18h09.43.917,solo_project,,2025.1.1,59.961564634092184,2025-11-21 18h09.56.773523 +0530,
invalid_same,0.168,0.175,0.168,-0.149,18,18,0,,,,up,0.36004610000236426,None,,,,,0,18,18,26,83.31104280000727,,,,,,,,,,,,,,,,,,,,,,,,,,,,,,,,,83.2955507000006,83.31104280000727,84.31105430000753,84.31105430000753,84.31105430000753,84.41137760000129,84.59472449999885,84.59472449999885,84.96213920001173,up,0.36004610000236426,None,84.96226410000236,84.97789680000278,85.47790060000261,85.46161740001116,,,,,,P2,001,2025-11-21_18h09.43.917,solo_project,,2025.1.1,59.961564634092184,2025-11-21 18h09.56.773523 +0530,
catch,0.168,-0.175,None,None,19,19,0,,,,None,,,,,,,0,19,19,35,85.47790060000261,,,,,,,,,,,,,,,,,,,,,,,,,,,,,,,,,85.46249299999909,85.47790060000261,86.4612943000102,86.4612943000102,86.4612943000102,86.56130549999943,86.76140329999907,86.76140329999907,88.74526500000502,None,,,88.7453516000096,88.76116160000674,89.2610061000014,89.24506510001083,88.76116160000674,88.76116160000674,88.76116160000674,88.76116160000674,88.76116160000674,P2,001,2025-11-21_18h09.43.917,solo_project,,2025.1.1,59.961564634092184,2025-11-21 18h09.56.773523 +0530,
valid,-0.168,-0.175,-0.168,-0.149,20,20,0,,,,up,0.3975371999986237,None,,,,,0,20,20,9,89.2610061000014,,,,,,,,,,,,,,,,,,,,,,,,,,,,,,,,,89.24580790000618,89.2610061000014,90.27770360000432,90.27770360000432,90.27770360000432,90.37774550000904,90.56139400000393,90.56139400000393,90.96200379999937,up,0.3975371999986237,None,90.9621446000092,90.97803480000584,91.47798460000195,91.46162550000008,,,,,,P2,001,2025-11-21_18h09.43.917,solo_project,,2025.1.1,59.961564634092184,2025-11-21 18h09.56.773523 +0530,
invalid_diff,0.168,0.175,-0.168,0.149,21,21,0,,,,up,0.4162209000060102,None,,,,,0,21,21,30,91.47798460000195,,,,,,,,,,,,,,,,,,,,,,,,,,,,,,,,,91.46236710000085,91.47798460000195,92.46114490000764,92.46114490000764,92.46114490000764,92.56129180001153,92.76126220000151,92.76126220000151,93.17870980000589,up,0.4162209000060102,None,93.17882330001157,93.19455640000524,93.69463860000542,93.67830530001083,,,,,,P2,001,2025-11-21_18h09.43.917,solo_project,,2025.1.1,59.961564634092184,2025-11-21 18h09.56.773523 +0530,
valid,0.168,-0.175,0.168,-0.149,22,22,0,,,,up,0.49542519998794887,None,,,,,0,22,22,19,93.69463860000542,,,,,,,,,,,,,,,,,,,,,,,,,,,,,,,,,93.67904100001033,93.69463860000542,94.67795060000208,94.67795060000208,94.67795060000208,94.77801390000968,94.9780058000033,94.9780058000033,95.47831000000588,up,0.49542519998794887,None,95.47840740000538,95.49420359999931,95.9943568000017,95.97824450000189,,,,,,P2,001,2025-11-21_18h09.43.917,solo_project,,2025.1.1,59.961564634092184,2025-11-21 18h09.56.773523 +0530,
invalid_same,-0.168,-0.175,-0.168,0.149,23,23,0,,,,up,0.4119983999989927,None,,,,,0,23,23,25,95.9943568000017,,,,,,,,,,,,,,,,,,,,,,,,,,,,,,,,,95.97877320001135,95.9943568000017,96.9780335000105,96.9780335000105,96.9780335000105,97.07793150001089,97.278011900009,97.278011900009,97.69555760000367,up,0.4119983999989927,None,97.69567130001087,97.71121000000858,98.21140340001148,98.19491350000317,,,,,,P2,001,2025-11-21_18h09.43.917,solo_project,,2025.1.1,59.961564634092184,2025-11-21 18h09.56.773523 +0530,
invalid_diff,-0.168,0.175,0.168,0.149,24,24,0,,,,up,0.3881509999919217,None,,,,,0,24,24,28,98.21140340001148,,,,,,,,,,,,,,,,,,,,,,,,,,,,,,,,,98.1956715000124,98.21140340001148,99.21139120000589,99.21139120000589,99.21139120000589,99.31124900000577,99.51131140001235,99.51131140001235,99.91204070000094,up,0.3881509999919217,None,99.91214890000992,99.92779120001069,100.4277551999985,100.41145140001026,,,,,,P2,001,2025-11-21_18h09.43.917,solo_project,,2025.1.1,59.961564634092184,2025-11-21 18h09.56.773523 +0530,
valid,0.168,-0.175,0.168,-0.149,25,25,0,,,,up,0.3928072999988217,None,,,,,0,25,25,3,100.4277551999985,,,,,,,,,,,,,,,,,,,,,,,,,,,,,,,,,100.41255620001175,100.4277551999985,101.41113120000227,101.41113120000227,101.41113120000227,101.51110690001224,101.71108430001186,101.71108430001186,102.11165849999816,up,0.3928072999988217,None,102.11176840000553,102.1277962000022,102.62766910000937,102.61121270000876,,,,,,P2,001,2025-11-21_18h09.43.917,solo_project,,2025.1.1,59.961564634092184,2025-11-21 18h09.56.773523 +0530,
valid,-0.168,0.175,-0.168,0.149,26,26,0,,,,up,0.3962762000010116,None,,,,,0,26,26,16,102.62766910000937,,,,,,,,,,,,,,,,,,,,,,,,,,,,,,,,,102.61182430000918,102.62766910000937,103.61125149999862,103.61125149999862,103.61125149999862,103.71117340000637,103.91132500000822,103.91132500000822,104.31191820000822,up,0.3962762000010116,None,104.31203280000773,104.32789600000251,104.82788609999989,104.81156880001072,,,,,,P2,001,2025-11-21_18h09.43.917,solo_project,,2025.1.1,59.961564634092184,2025-11-21 18h09.56.773523 +0530,
valid,0.168,0.175,0.168,0.149,27,27,0,,,,up,0.36139739998907316,None,,,,,0,27,27,2,104.82788609999989,,,,,,,,,,,,,,,,,,,,,,,,,,,,,,,,,104.81228740001097,104.82788609999989,105.81118770000467,105.81118770000467,105.81118770000467,105.91126410001016,106.11132920000819,106.11132920000819,106.4786662000115,up,0.36139739998907316,None,106.47877970000263,106.49453010001162,106.99461049999809,106.97825710001052,,,,,,P2,001,2025-11-21_18h09.43.917,solo_project,,2025.1.1,59.961564634092184,2025-11-21 18h09.56.773523 +0530,
valid,0.168,0.175,0.168,0.149,28,28,0,,,,up,0.333357800001977,None,,,,,0,28,28,10,106.99461049999809,,,,,,,,,,,,,,,,,,,,,,,,,,,,,,,,,106.97894040000392,106.99461049999809,107.99431660000118,107.99431660000118,107.99431660000118,108.09445889999915,108.2944686999981,108.2944686999981,108.62881840000045,up,0.333357800001977,None,108.62893240000994,108.64444509999885,109.14460270000563,109.12820030000876,,,,,,P2,001,2025-11-21_18h09.43.917,solo_project,,2025.1.1,59.961564634092184,2025-11-21 18h09.56.773523 +0530,
valid,-0.168,-0.175,-0.168,-0.149,29,29,0,,,,up,0.32470279998960905,None,,,,,0,29,29,1,109.14460270000563,,,,,,,,,,,,,,,,,,,,,,,,,,,,,,,,,109.12894200001028,109.14460270000563,110.14457720000064,110.14457720000064,110.14457720000064,110.24464610000723,110.44457440001133,110.44457440001133,110.77852859999985,up,0.32470279998960905,None,110.77864200000477,110.79435340000782,111.2945153000037,111.27816180000082,,,,,,P2,001,2025-11-21_18h09.43.917,solo_project,,2025.1.1,59.961564634092184,2025-11-21 18h09.56.773523 +0530,
invalid_same,-0.168,0.175,-0.168,-0.149,30,30,0,,,,up,0.350750199999311,None,,,,,0,30,30,24,111.2945153000037,,,,,,,,,,,,,,,,,,,,,,,,,,,,,,,,,111.27889200000209,111.2945153000037,112.27766020000854,112.27766020000854,112.27766020000854,112.3778156000044,112.5779906000098,112.5779906000098,112.94565770000918,up,0.350750199999311,None,112.94590910000261,112.9610485000012,113.4609608000028,113.4445856000093,,,,,,P2,001,2025-11-21_18h09.43.917,solo_project,,2025.1.1,59.961564634092184,2025-11-21 18h09.56.773523 +0530,
valid,0.168,-0.175,0.168,-0.149,31,31,0,,,,up,0.3829987999924924,None,,,,,0,31,31,7,113.4609608000028,,,,,,,,,,,,,,,,,,,,,,,,,,,,,,,,,113.44518460000108,113.4609608000028,114.46132400000351,114.46132400000351,114.46132400000351,114.56127180000476,114.7612405000109,114.7612405000109,115.14521270000841,up,0.3829987999924924,None,115.14532650000183,115.16111510001065,115.66110740001022,115.64493320000474,,,,,,P2,001,2025-11-21_18h09.43.917,solo_project,,2025.1.1,59.961564634092184,2025-11-21 18h09.56.773523 +0530,
valid,0.168,0.175,0.168,0.149,32,32,0,,,,up,0.3714948999986518,None,,,,,0,32,32,6,115.66110740001022,,,,,,,,,,,,,,,,,,,,,,,,,,,,,,,,,115.6458100000018,115.66110740001022,116.64460140001029,116.64460140001029,116.64460140001029,116.74459930000012,116.94460329999856,116.94460329999856,117.32855920000293,up,0.3714948999986518,None,117.3286708000087,117.34453310001118,117.84447140000702,117.82815610000398,,,,,,P2,001,2025-11-21_18h09.43.917,solo_project,,2025.1.1,59.961564634092184,2025-11-21 18h09.56.773523 +0530,
valid,-0.168,0.175,-0.168,0.149,33,33,0,,,,up,0.4273376999917673,None,,,,,0,33,33,4,117.84447140000702,,,,,,,,,,,,,,,,,,,,,,,,,,,,,,,,,117.82889630000864,117.84447140000702,118.82802880000963,118.82802880000963,118.82802880000963,118.92782830000215,119.12785109999822,119.12785109999822,119.56164369999897,up,0.4273376999917673,None,119.56175780000922,119.57757140000467,120.07760410000628,120.06131650001043,,,,,,P2,001,2025-11-21_18h09.43.917,solo_project,,2025.1.1,59.961564634092184,2025-11-21 18h09.56.773523 +0530,
valid,-0.168,-0.175,-0.168,-0.149,34,34,0,,,,up,0.33869570000388194,None,,,,,0,34,34,5,120.07760410000628,,,,,,,,,,,,,,,,,,,,,,,,,,,,,,,,,120.0624753000011,120.07760410000628,121.06131330000062,121.06131330000062,121.06131330000062,121.16120290000981,121.36123860000225,121.36123860000225,121.7118746000051,up,0.33869570000388194,None,121.71200840000529,121.72781430000032,122.227913300012,122.2115793999983,,,,,,P2,001,2025-11-21_18h09.43.917,solo_project,,2025.1.1,59.961564634092184,2025-11-21 18h09.56.773523 +0530,
valid,0.168,0.175,0.168,0.149,35,35,0,,,,up,0.37292630001320504,None,,,,,0,35,35,18,122.227913300012,,,,,,,,,,,,,,,,,,,,,,,,,,,,,,,,,122.21233340000617,122.227913300012,123.21114650000527,123.21114650000527,123.21114650000527,123.31116350000957,123.51115760000539,123.51115760000539,123.89525820000563,up,0.37292630001320504,None,123.89537900000869,123.91117350000422,124.411153500012,124.39476809999906,,,,,,P2,001,2025-11-21_18h09.43.917,solo_project,,2025.1.1,59.961564634092184,2025-11-21 18h09.56.773523 +0530,
valid,-0.168,-0.175,-0.168,-0.149,36,0,1,,,,up,0.34449980000499636,None,,,,,1,0,36,5,124.411153500012,,,,,,,,,,,,,,,,,,,,,,,,,,,,,,,,,124.39551550000033,124.411153500012,125.39436790000764,125.39436790000764,125.39436790000764,125.49414160000742,125.71102000000246,125.71102000000246,126.0613263000123,up,0.34449980000499636,None,126.06140400000731,126.07754140000907,126.57791700000234,126.56141610001214,,,,,,P2,001,2025-11-21_18h09.43.917,solo_project,,2025.1.1,59.961564634092184,2025-11-21 18h09.56.773523 +0530,
valid,0.168,0.175,0.168,0.149,37,1,1,,,,up,0.36298720000195317,None,,,,,1,1,37,10,126.57791700000234,,,,,,,,,,,,,,,,,,,,,,,,,,,,,,,,,126.56215290000546,126.57791700000234,127.5611607000028,127.5611607000028,127.5611607000028,127.66120370000135,127.86120360001223,127.86120360001223,128.22850130000734,up,0.36298720000195317,None,128.22861310000008,128.24462860000494,128.74453110000468,128.72829759999877,,,,,,P2,001,2025-11-21_18h09.43.917,solo_project,,2025.1.1,59.961564634092184,2025-11-21 18h09.56.773523 +0530,
valid,-0.168,-0.175,-0.168,-0.149,38,2,1,,,,up,0.33291490000556223,None,,,,,1,2,38,17,128.74453110000468,,,,,,,,,,,,,,,,,,,,,,,,,,,,,,,,,128.7290401000064,128.74453110000468,129.72801530000288,129.72801530000288,129.72801530000288,129.82792970001174,130.02802290000545,130.02802290000545,130.36183890000393,up,0.33291490000556223,None,130.36195430000953,130.3778033999988,130.8778644000122,130.86137620000227,,,,,,P2,001,2025-11-21_18h09.43.917,solo_project,,2025.1.1,59.961564634092184,2025-11-21 18h09.56.773523 +0530,
valid,-0.168,-0.175,-0.168,-0.149,39,3,1,,,,up,0.34845900000073016,None,,,,,1,3,39,1,130.8778644000122,,,,,,,,,,,,,,,,,,,,,,,,,,,,,,,,,130.86214640000253,130.8778644000122,131.86085840000305,131.86085840000305,131.86085840000305,131.9610221000039,132.16136019999976,132.16136019999976,132.511748600009,up,0.34845900000073016,None,132.5118599999987,132.5275893000071,133.02789230000053,133.01160500000697,,,,,,P2,001,2025-11-21_18h09.43.917,solo_project,,2025.1.1,59.961564634092184,2025-11-21 18h09.56.773523 +0530,
valid,-0.168,0.175,-0.168,0.149,40,4,1,,,,up,0.3148800999915693,None,,,,,1,4,40,16,133.02789230000053,,,,,,,,,,,,,,,,,,,,,,,,,,,,,,,,,133.0123492999992,133.02789230000053,134.01117430000158,134.01117430000158,134.01117430000158,134.11112430000503,134.31127520000155,134.31127520000155,134.62886580001214,up,0.3148800999915693,None,134.62897960000555,134.64452280000842,135.14449859999877,135.12817320000613,,,,,,P2,001,2025-11-21_18h09.43.917,solo_project,,2025.1.1,59.961564634092184,2025-11-21 18h09.56.773523 +0530,
valid,0.168,0.175,0.168,0.149,41,5,1,,,,up,0.28193409999948926,None,,,,,1,5,41,6,135.14449859999877,,,,,,,,,,,,,,,,,,,,,,,,,,,,,,,,,135.1289109000063,135.14449859999877,136.14453499999945,136.14453499999945,136.14453499999945,136.24454700000933,136.44454810000025,136.44454810000025,136.72857210000802,up,0.28193409999948926,None,136.72868620000372,136.7445039000013,137.24424670000735,137.2278997000103,,,,,,P2,001,2025-11-21_18h09.43.917,solo_project,,2025.1.1,59.961564634092184,2025-11-21 18h09.56.773523 +0530,
valid,-0.168,-0.175,-0.168,-0.149,42,6,1,,,,up,0.33390749999671243,None,,,,,1,6,42,9,137.24424670000735,,,,,,,,,,,,,,,,,,,,,,,,,,,,,,,,,137.2285269999993,137.24424670000735,138.2278406000114,138.2278406000114,138.2278406000114,138.32792780001182,138.52791770000476,138.52791770000476,138.87833220000903,up,0.33390749999671243,None,138.87845090001065,138.89451779999945,139.39460520001012,139.37827149999794,,,,,,P2,001,2025-11-21_18h09.43.917,solo_project,,2025.1.1,59.961564634092184,2025-11-21 18h09.56.773523 +0530,
valid,-0.168,-0.175,-0.168,-0.149,43,7,1,,,,up,0.32152580001275055,None,,,,,1,7,43,21,139.39460520001012,,,,,,,,,,,,,,,,,,,,,,,,,,,,,,,,,139.37900900001114,139.39460520001012,140.37776160000067,140.37776160000067,140.37776160000067,140.47791750000033,140.67797450000944,140.67797450000944,141.01185100000293,up,0.32152580001275055,None,141.01196509999863,141.02788280000095,141.5277868000121,141.51137649999873,,,,,,P2,001,2025-11-21_18h09.43.917,solo_project,,2025.1.1,59.961564634092184,2025-11-21 18h09.56.773523 +0530,
valid,-0.168,0.175,-0.168,0.149,44,8,1,,,,up,0.43166410000412725,None,,,,,1,8,44,12,141.5277868000121,,,,,,,,,,,,,,,,,,,,,,,,,,,,,,,,,141.51213090000965,141.5277868000121,142.51109929999802,142.51109929999802,142.51109929999802,142.61105150000367,142.81109350000042,142.81109350000042,143.24499840001226,up,0.43166410000412725,None,143.24510759999976,143.26074959999823,143.761024300009,143.7446401000052,,,,,,P2,001,2025-11-21_18h09.43.917,solo_project,,2025.1.1,59.961564634092184,2025-11-21 18h09.56.773523 +0530,
valid,0.168,0.175,0.168,0.149,45,9,1,,,,up,0.3771876000100747,None,,,,,1,9,45,22,143.761024300009,,,,,,,,,,,,,,,,,,,,,,,,,,,,,,,,,143.74530790001154,143.761024300009,144.74452710000332,144.74452710000332,144.74452710000332,144.84459780000907,145.04448209999828,145.04448209999828,145.4286798000103,up,0.3771876000100747,None,145.42879260001064,145.44433379999828,145.94452060000913,145.9282613000105,,,,,,P2,001,2025-11-21_18h09.43.917,solo_project,,2025.1.1,59.961564634092184,2025-11-21 18h09.56.773523 +0530,
catch,0.168,0.175,None,None,46,10,1,,,,None,,,,,,,1,10,46,34,145.94452060000913,,,,,,,,,,,,,,,,,,,,,,,,,,,,,,,,,145.92918230000942,145.94452060000913,146.92790300000343,146.92790300000343,146.92790300000343,147.02790100000857,147.22797060001176,147.22797060001176,149.22818960000586,None,,,149.22829310000816,149.24427770001057,149.7442286000005,149.72794019999856,149.24427770001057,149.24427770001057,149.24427770001057,149.22760120000748,149.22760120000748,P2,001,2025-11-21_18h09.43.917,solo_project,,2025.1.1,59.961564634092184,2025-11-21 18h09.56.773523 +0530,
catch,-0.168,-0.175,None,None,47,11,1,,,,None,,,,,,,1,11,47,33,149.7442286000005,,,,,,,,,,,,,,,,,,,,,,,,,,,,,,,,,149.7292204000114,149.7442286000005,150.72787420000532,150.72787420000532,150.72787420000532,150.82797300000675,151.0280056000047,151.0280056000047,153.0117012999981,None,,,153.0118041000096,153.02776280000398,153.52782440000738,153.51135040000372,153.02776280000398,153.02776280000398,153.02776280000398,153.02776280000398,153.02776280000398,P2,001,2025-11-21_18h09.43.917,solo_project,,2025.1.1,59.961564634092184,2025-11-21 18h09.56.773523 +0530,
invalid_diff,-0.168,0.175,0.168,0.149,48,12,1,,,,up,0.43527969998831395,None,,,,,1,12,48,28,153.52782440000738,,,,,,,,,,,,,,,,,,,,,,,,,,,,,,,,,153.51207490000525,153.54439860000275,154.54481430001033,154.54481430001033,154.54481430001033,154.6445212000108,154.84455850000086,154.84455850000086,155.29455750000488,up,0.43527969998831395,None,155.29463319999923,155.31063830001222,155.8105690000084,155.7944465000037,,,,,,P2,001,2025-11-21_18h09.43.917,solo_project,,2025.1.1,59.961564634092184,2025-11-21 18h09.56.773523 +0530,
invalid_diff,0.168,0.175,-0.168,0.149,49,13,1,,,,up,0.38627699999778997,None,,,,,1,13,49,30,155.8105690000084,,,,,,,,,,,,,,,,,,,,,,,,,,,,,,,,,155.79512510000495,155.8105690000084,156.79459780000616,156.79459780000616,156.79459780000616,156.89458620001096,157.09454600000754,157.09454600000754,157.49515940000128,up,0.38627699999778997,None,157.4952634000074,157.51099190000969,158.01077610001084,157.9949217000103,,,,,,P2,001,2025-11-21_18h09.43.917,solo_project,,2025.1.1,59.961564634092184,2025-11-21 18h09.56.773523 +0530,
invalid_same,0.168,0.175,0.168,-0.149,50,14,1,,,,up,0.3758592999947723,None,,,,,1,14,50,26,158.01077610001084,,,,,,,,,,,,,,,,,,,,,,,,,,,,,,,,,157.99564269999973,158.01077610001084,159.01116570000886,159.01116570000886,159.01116570000886,159.11123400001088,159.2946493000054,159.2946493000054,159.6784703000012,up,0.3758592999947723,None,159.67858770000748,159.69427520000318,160.19451080000727,160.17817959999957,,,,,,P2,001,2025-11-21_18h09.43.917,solo_project,,2025.1.1,59.961564634092184,2025-11-21 18h09.56.773523 +0530,
valid,0.168,0.175,0.168,0.149,51,15,1,,,,up,0.3792868000018643,None,,,,,1,15,51,14,160.19451080000727,,,,,,,,,,,,,,,,,,,,,,,,,,,,,,,,,160.17891590000363,160.19451080000727,161.19418250001036,161.19418250001036,161.19418250001036,161.29430360000697,161.49423060000117,161.49423060000117,161.87829910000437,up,0.3792868000018643,None,161.87835630000336,161.89416609999898,162.39482860000862,162.37811370000418,,,,,,P2,001,2025-11-21_18h09.43.917,solo_project,,2025.1.1,59.961564634092184,2025-11-21 18h09.56.773523 +0530,
invalid_same,-0.168,-0.175,-0.168,0.149,52,16,1,,,,up,0.4034630000096513,None,,,,,1,16,52,25,162.39482860000862,,,,,,,,,,,,,,,,,,,,,,,,,,,,,,,,,162.3788399000041,162.39482860000862,163.3942023999989,163.3942023999989,163.3942023999989,163.49415480000607,163.6940808000072,163.6940808000072,164.11139350000303,up,0.4034630000096513,None,164.1114888000011,164.12738700000045,164.62726540000585,164.61090640000475,,,,,,P2,001,2025-11-21_18h09.43.917,solo_project,,2025.1.1,59.961564634092184,2025-11-21 18h09.56.773523 +0530,
valid,-0.168,0.175,-0.168,0.149,53,17,1,,,,up,0.39263349999964703,None,,,,,1,17,53,4,164.62726540000585,,,,,,,,,,,,,,,,,,,,,,,,,,,,,,,,,164.61148630001117,164.62726540000585,165.61087640000915,165.61087640000915,165.61087640000915,165.7107384000119,165.91082280001137,165.91082280001137,166.31141500000376,up,0.39263349999964703,None,166.31153900000209,166.3275003000017,166.82733569999982,166.81084679999913,,,,,,P2,001,2025-11-21_18h09.43.917,solo_project,,2025.1.1,59.961564634092184,2025-11-21 18h09.56.773523 +0530,
catch,-0.168,0.175,None,None,54,18,1,,,,None,,,,,,,1,18,54,32,166.82733569999982,,,,,,,,,,,,,,,,,,,,,,,,,,,,,,,,,166.81183679999958,166.82733569999982,167.81067270001222,167.81067270001222,167.81067270001222,167.9107445000118,168.11091000000306,168.11091000000306,170.09640450000006,None,,,170.09649470000295,170.11091319999832,170.61102250000113,170.59474630000477,170.11091319999832,170.11091319999832,170.11091319999832,170.11091319999832,170.11091319999832,P2,001,2025-11-21_18h09.43.917,solo_project,,2025.1.1,59.961564634092184,2025-11-21 18h09.56.773523 +0530,
valid,0.168,-0.175,0.168,-0.149,55,19,1,,,,up,0.42791339999530464,None,,,,,1,19,55,11,170.61102250000113,,,,,,,,,,,,,,,,,,,,,,,,,,,,,,,,,170.59543310001027,170.61102250000113,171.61115019999852,171.61115019999852,171.61115019999852,171.7109375,171.9110675999982,171.9110675999982,172.34511819999898,up,0.42791339999530464,None,172.345233,172.36088089999976,172.86107360001188,172.84451320000517,,,,,,P2,001,2025-11-21_18h09.43.917,solo_project,,2025.1.1,59.961564634092184,2025-11-21 18h09.56.773523 +0530,
invalid_diff,-0.168,-0.175,0.168,-0.149,56,20,1,,,,up,0.6026710000005551,None,,,,,1,20,56,29,172.86107360001188,,,,,,,,,,,,,,,,,,,,,,,,,,,,,,,,,172.84524320000492,172.86107360001188,173.86078280000947,173.86078280000947,173.86078280000947,173.9607856000075,174.14444040000672,174.14444040000672,174.76186530000996,up,0.6026710000005551,None,174.76198039999872,174.77767820000008,175.27767210001184,175.26127350000024,,,,,,P2,001,2025-11-21_18h09.43.917,solo_project,,2025.1.1,59.961564634092184,2025-11-21 18h09.56.773523 +0530,
valid,-0.168,0.175,-0.168,0.149,57,21,1,,,,up,0.6517178000067361,None,,,,,1,21,57,0,175.27767210001184,,,,,,,,,,,,,,,,,,,,,,,,,,,,,,,,,175.2620101000066,175.27767210001184,176.26111089999904,176.26111089999904,176.26111089999904,176.36103800000274,176.56115970000974,176.56115970000974,177.22831659999792,up,0.6517178000067361,None,177.2284301000036,177.24433080000745,177.74428970000008,177.72804909999832,,,,,,P2,001,2025-11-21_18h09.43.917,solo_project,,2025.1.1,59.961564634092184,2025-11-21 18h09.56.773523 +0530,
valid,0.168,-0.175,0.168,-0.149,58,22,1,,,,up,0.40500949999841396,None,,,,,1,22,58,19,177.74428970000008,,,,,,,,,,,,,,,,,,,,,,,,,,,,,,,,,177.72879629999807,177.74428970000008,178.7277877000015,178.7277877000015,178.7277877000015,178.82770100000198,179.02779730000475,179.02779730000475,179.4447746000078,up,0.40500949999841396,None,179.44492809999792,179.46055760000309,179.96084030000202,179.9443900000042,,,,,,P2,001,2025-11-21_18h09.43.917,solo_project,,2025.1.1,59.961564634092184,2025-11-21 18h09.56.773523 +0530,
valid,-0.168,-0.175,-0.168,-0.149,59,23,1,,,,up,0.5155574000091292,None,,,,,1,23,59,13,179.96084030000202,,,,,,,,,,,,,,,,,,,,,,,,,,,,,,,,,179.9450599999982,179.96084030000202,180.94476120000763,180.94476120000763,180.94476120000763,181.04422590001195,181.2444145000045,181.2444145000045,181.76184070001182,up,0.5155574000091292,None,181.76195480000752,181.7776606000116,182.27772769999865,182.26122179999948,,,,,,P2,001,2025-11-21_18h09.43.917,solo_project,,2025.1.1,59.961564634092184,2025-11-21 18h09.56.773523 +0530,
valid,-0.168,0.175,-0.168,0.149,60,24,1,,,,up,0.4381758999952581,None,,,,,1,24,60,8,182.27772769999865,,,,,,,,,,,,,,,,,,,,,,,,,,,,,,,,,182.26195800000278,182.27772769999865,183.27769909999915,183.27769909999915,183.27769909999915,183.37773960000777,183.56104900001083,183.56104900001083,184.01189150000573,up,0.4381758999952581,None,184.01199720001023,184.02744650001114,184.52776900000754,184.51157709999825,,,,,,P2,001,2025-11-21_18h09.43.917,solo_project,,2025.1.1,59.961564634092184,2025-11-21 18h09.56.773523 +0530,
invalid_same,-0.168,0.175,-0.168,-0.149,61,25,1,,,,up,0.422329200009699,None,,,,,1,25,61,24,184.52776900000754,,,,,,,,,,,,,,,,,,,,,,,,,,,,,,,,,184.51233160000993,184.52776900000754,185.52746370001114,185.52746370001114,185.52746370001114,185.6275600000081,185.82749999999942,185.82749999999942,186.26175920000242,up,0.422329200009699,None,186.26187770000251,186.277345399998,186.7777097000071,186.76126700000896,,,,,,P2,001,2025-11-21_18h09.43.917,solo_project,,2025.1.1,59.961564634092184,2025-11-21 18h09.56.773523 +0530,
valid,0.168,-0.175,0.168,-0.149,62,26,1,,,,up,0.16855709999799728,None,,,,,1,26,62,3,186.7777097000071,,,,,,,,,,,,,,,,,,,,,,,,,,,,,,,,,186.76199369999813,186.7777097000071,187.7610604000074,187.7610604000074,187.7610604000074,187.8611227000074,188.06081059999997,188.06081059999997,188.24500400001125,up,0.16855709999799728,None,188.24511850001,188.26090540000587,188.76096369999868,188.74479340000835,,,,,,P2,001,2025-11-21_18h09.43.917,solo_project,,2025.1.1,59.961564634092184,2025-11-21 18h09.56.773523 +0530,
valid,-0.168,0.175,-0.168,0.149,63,27,1,,,,up,0.33658550000109244,None,,,,,1,27,63,20,188.76096369999868,,,,,,,,,,,,,,,,,,,,,,,,,,,,,,,,,188.74556380001013,188.76096369999868,189.7444356000051,189.7444356000051,189.7444356000051,189.84451590001117,190.044341300003,190.044341300003,190.39499890001025,up,0.33658550000109244,None,190.395113999999,190.4108883000008,190.91099140000006,190.89472510000633,,,,,,P2,001,2025-11-21_18h09.43.917,solo_project,,2025.1.1,59.961564634092184,2025-11-21 18h09.56.773523 +0530,
valid,0.168,-0.175,0.168,-0.149,64,28,1,,,,up,0.28898759999719914,None,,,,,1,28,64,7,190.91099140000006,,,,,,,,,,,,,,,,,,,,,,,,,,,,,,,,,190.8954986000026,190.91099140000006,191.91072810000333,191.91072810000333,191.91072810000333,192.01082619999943,192.1945005000016,192.1945005000016,192.49523169999884,up,0.28898759999719914,None,192.49534900000435,192.51074110000627,193.01100460000453,192.99479720000818,,,,,,P2,001,2025-11-21_18h09.43.917,solo_project,,2025.1.1,59.961564634092184,2025-11-21 18h09.56.773523 +0530,
catch,0.168,-0.175,None,None,65,29,1,,,,None,,,,,,,1,29,65,35,193.01100460000453,,,,,,,,,,,,,,,,,,,,,,,,,,,,,,,,,192.99572230000922,193.01100460000453,194.0109788000118,194.0109788000118,194.0109788000118,194.1108888000017,194.2944487000059,194.2944487000059,196.27825920000032,None,,,196.2783458000049,196.2941501000023,196.79412469999806,196.77795830000832,196.2941501000023,196.2941501000023,196.2941501000023,196.2941501000023,196.2941501000023,P2,001,2025-11-21_18h09.43.917,solo_project,,2025.1.1,59.961564634092184,2025-11-21 18h09.56.773523 +0530,
valid,0.168,0.175,0.168,0.149,66,30,1,,,,up,0.32043989999510814,None,,,,,1,30,66,18,196.79412469999806,,,,,,,,,,,,,,,,,,,,,,,,,,,,,,,,,196.77869150000333,196.81080720000318,197.81070040000486,197.81070040000486,197.81070040000486,197.91070410000975,198.09443260000262,198.09443260000262,198.4283301000105,up,0.32043989999510814,None,198.42844470001,198.44426080000994,198.94430660000944,198.92799580001156,,,,,,P2,001,2025-11-21_18h09.43.917,solo_project,,2025.1.1,59.961564634092184,2025-11-21 18h09.56.773523 +0530,
valid,0.168,0.175,0.168,0.149,67,31,1,,,,up,0.754360800012364,None,,,,,1,31,67,2,198.94430660000944,,,,,,,,,,,,,,,,,,,,,,,,,,,,,,,,,198.92872370000987,198.94430660000944,199.92770600000222,199.92770600000222,199.92770600000222,200.0276864000043,200.22773920001055,200.22773920001055,200.99502539999958,up,0.754360800012364,None,200.9951313000056,201.0108118000062,201.51102869999886,201.49474490000284,,,,,,P2,001,2025-11-21_18h09.43.917,solo_project,,2025.1.1,59.961564634092184,2025-11-21 18h09.56.773523 +0530,
invalid_diff,0.168,-0.175,-0.168,-0.149,68,32,1,,,,up,0.4806211999966763,None,,,,,1,32,68,31,201.51102869999886,,,,,,,,,,,,,,,,,,,,,,,,,,,,,,,,,201.4954715000058,201.51102869999886,202.49452320000273,202.49452320000273,202.49452320000273,202.59441900000093,202.79436980000173,202.79436980000173,203.27806019999844,up,0.4806211999966763,None,203.2781560000003,203.2939231000055,203.79401240000152,203.7776586000109,,,,,,P2,001,2025-11-21_18h09.43.917,solo_project,,2025.1.1,59.961564634092184,2025-11-21 18h09.56.773523 +0530,
valid,0.168,-0.175,0.168,-0.149,69,33,1,,,,up,0.29820469999685884,None,,,,,1,33,69,23,203.79401240000152,,,,,,,,,,,,,,,,,,,,,,,,,,,,,,,,,203.77829220000422,203.79401240000152,204.77765210000507,204.77765210000507,204.77765210000507,204.8777526000049,205.07773620000808,205.07773620000808,205.3780020000122,up,0.29820469999685884,None,205.37814010000147,205.3939556000114,205.8939328000124,205.8776358000032,,,,,,P2,001,2025-11-21_18h09.43.917,solo_project,,2025.1.1,59.961564634092184,2025-11-21 18h09.56.773523 +0530,
valid,0.168,-0.175,0.168,-0.149,70,34,1,,,,up,0.37869209999917075,None,,,,,1,34,70,15,205.8939328000124,,,,,,,,,,,,,,,,,,,,,,,,,,,,,,,,,205.8784752000065,205.8939328000124,206.8775414999982,206.8775414999982,206.8775414999982,206.9776281000086,207.17770030000247,207.17770030000247,207.5615106000041,up,0.37869209999917075,None,207.56162459999905,207.5773804000055,208.0775852000079,208.06123400000797,,,,,,P2,001,2025-11-21_18h09.43.917,solo_project,,2025.1.1,59.961564634092184,2025-11-21 18h09.56.773523 +0530,
invalid_same,0.168,-0.175,0.168,0.149,71,35,1,,,,up,0.3285717999970075,None,,,,,1,35,71,27,208.0775852000079,,,,,,,,,,,,,,,,,,,,,,,,,,,,,,,,,208.06202389999817,208.0775852000079,209.06074230000377,209.06074230000377,209.06074230000377,209.16046780000033,209.36092830001144,209.36092830001144,209.69481880000967,up,0.3285717999970075,None,209.6949711000052,209.71052269999927,210.21053100000427,210.1941560999985,,,,,,P2,001,2025-11-21_18h09.43.917,solo_project,,2025.1.1,59.961564634092184,2025-11-21 18h09.56.773523 +0530,
invalid_same,0.168,-0.175,0.168,0.149,72,0,2,,,,up,0.3614629999938188,None,,,,,2,0,72,27,210.21053100000427,,,,,,,,,,,,,,,,,,,,,,,,,,,,,,,,,210.19486970000435,210.21053100000427,211.19423330000427,211.19423330000427,211.19423330000427,211.2944082000031,211.49438610000652,211.49438610000652,211.8617716000008,up,0.3614629999938188,None,211.8618858000118,211.87763480001013,212.3776157000102,212.36129480000818,,,,,,P2,001,2025-11-21_18h09.43.917,solo_project,,2025.1.1,59.961564634092184,2025-11-21 18h09.56.773523 +0530,
valid,0.168,-0.175,0.168,-0.149,73,1,2,,,,up,0.4161895999859553,None,,,,,2,1,73,7,212.3776157000102,,,,,,,,,,,,,,,,,,,,,,,,,,,,,,,,,212.36212340000202,212.3776157000102,213.37754020000284,213.37754020000284,213.37754020000284,213.47762040000816,213.66096160000598,213.66096160000598,214.07824300001084,up,0.4161895999859553,None,214.0783577000111,214.09394360000442,214.5942461000086,214.57925510000496,,,,,,P2,001,2025-11-21_18h09.43.917,solo_project,,2025.1.1,59.961564634092184,2025-11-21 18h09.56.773523 +0530,
valid,-0.168,-0.175,-0.168,-0.149,74,2,2,,,,up,0.3173448000015924,None,,,,,2,2,74,5,214.5942461000086,,,,,,,,,,,,,,,,,,,,,,,,,,,,,,,,,214.58001380000496,214.5942461000086,215.59399629999825,215.59399629999825,215.59399629999825,215.6940603000112,215.87763110001106,215.87763110001106,216.2113645000063,up,0.3173448000015924,None,216.21148399999947,216.2273348000017,216.72749920000206,216.7111627000122,,,,,,P2,001,2025-11-21_18h09.43.917,solo_project,,2025.1.1,59.961564634092184,2025-11-21 18h09.56.773523 +0530,
invalid_diff,0.168,-0.175,-0.168,-0.149,75,3,2,,,,up,0.3838677000021562,None,,,,,2,3,75,31,216.72749920000206,,,,,,,,,,,,,,,,,,,,,,,,,,,,,,,,,216.71194910000486,216.72749920000206,217.71092969999881,217.71092969999881,217.71092969999881,217.8109024000005,218.01093630000832,218.01093630000832,218.4111794000055,up,0.3838677000021562,None,218.41128880000906,218.42747960000997,218.9274684999982,218.91107440000633,,,,,,P2,001,2025-11-21_18h09.43.917,solo_project,,2025.1.1,59.961564634092184,2025-11-21 18h09.56.773523 +0530,
invalid_same,0.168,0.175,0.168,-0.149,76,4,2,,,,up,0.6027182999969227,None,,,,,2,4,76,26,218.9274684999982,,,,,,,,,,,,,,,,,,,,,,,,,,,,,,,,,218.91180880001048,218.9274684999982,219.91091310000047,219.91091310000047,219.91091310000047,220.01085040000908,220.21100290000322,220.21100290000322,220.82800059999863,up,0.6027182999969227,None,220.82811780000338,220.84379569999874,221.34388800000306,221.32765089999884,,,,,,P2,001,2025-11-21_18h09.43.917,solo_project,,2025.1.1,59.961564634092184,2025-11-21 18h09.56.773523 +0530,
valid,-0.168,0.175,-0.168,0.149,77,5,2,,,,up,0.36203889999887906,None,,,,,2,5,77,16,221.34388800000306,,,,,,,,,,,,,,,,,,,,,,,,,,,,,,,,,221.3287282000092,221.34388800000306,222.32760370000324,222.32760370000324,222.32760370000324,222.42760830000043,222.62757480000437,222.62757480000437,222.99491770000895,up,0.36203889999887906,None,222.99503299999924,223.01058139999805,223.51087690000713,223.4947477000096,,,,,,P2,001,2025-11-21_18h09.43.917,solo_project,,2025.1.1,59.961564634092184,2025-11-21 18h09.56.773523 +0530,
valid,-0.168,0.175,-0.168,0.149,78,6,2,,,,up,0.283061699999962,None,,,,,2,6,78,0,223.51087690000713,,,,,,,,,,,,,,,,,,,,,,,,,,,,,,,,,223.4954912000103,223.51087690000713,224.49431829999958,224.49431829999958,224.49431829999958,224.59424230000877,224.79431260000274,224.79431260000274,225.0782734000095,up,0.283061699999962,None,225.0783894000051,225.0939747000084,225.5942464000109,225.57780170001206,,,,,,P2,001,2025-11-21_18h09.43.917,solo_project,,2025.1.1,59.961564634092184,2025-11-21 18h09.56.773523 +0530,
valid,0.168,0.175,0.168,0.149,79,7,2,,,,up,0.3438310000055935,None,,,,,2,7,79,10,225.5942464000109,,,,,,,,,,,,,,,,,,,,,,,,,,,,,,,,,225.57853860000614,225.5942464000109,226.57752840001194,226.57752840001194,226.57752840001194,226.6775093000033,226.89394800001173,226.89394800001173,227.2441974000103,up,0.3438310000055935,None,227.24425750000228,227.2603739000042,227.76047600001039,227.74432530000922,,,,,,P2,001,2025-11-21_18h09.43.917,solo_project,,2025.1.1,59.961564634092184,2025-11-21 18h09.56.773523 +0530,
valid,0.168,-0.175,0.168,-0.149,80,8,2,,,,up,0.36494180001318455,None,,,,,2,8,80,19,227.76047600001039,,,,,,,,,,,,,,,,,,,,,,,,,,,,,,,,,227.74481230000674,227.76047600001039,228.74429010000313,228.74429010000313,228.74429010000313,228.84432250000827,229.04429960000562,229.04429960000562,229.41135020001093,up,0.36494180001318455,None,229.41145620000316,229.4272792999982,229.92744369999855,229.91112940000312,,,,,,P2,001,2025-11-21_18h09.43.917,solo_project,,2025.1.1,59.961564634092184,2025-11-21 18h09.56.773523 +0530,
invalid_same,-0.168,0.175,-0.168,-0.149,81,9,2,,,,up,0.4103655999933835,None,,,,,2,9,81,24,229.92744369999855,,,,,,,,,,,,,,,,,,,,,,,,,,,,,,,,,229.91190520000237,229.92744369999855,230.9107997000101,230.9107997000101,230.9107997000101,231.0109109000041,231.21090380000533,231.21090380000533,231.6283562000026,up,0.4103655999933835,None,231.62846950000676,231.64420300000347,232.14418719999958,232.12786700000288,,,,,,P2,001,2025-11-21_18h09.43.917,solo_project,,2025.1.1,59.961564634092184,2025-11-21 18h09.56.773523 +0530,
valid,-0.168,-0.175,-0.168,-0.149,82,10,2,,,,up,0.3389921000052709,None,,,,,2,10,82,21,232.14418719999958,,,,,,,,,,,,,,,,,,,,,,,,,,,,,,,,,232.12861100000737,232.14418719999958,233.14381950000825,233.14381950000825,233.14381950000825,233.24379279999994,233.44400339999993,233.44400339999993,233.79455679999955,up,0.3389921000052709,None,233.7946387999982,233.8103962000023,234.31079370000225,234.2945752000087,,,,,,P2,001,2025-11-21_18h09.43.917,solo_project,,2025.1.1,59.961564634092184,2025-11-21 18h09.56.773523 +0530,
valid,0.168,-0.175,0.168,-0.149,83,11,2,,,,up,0.4509036999952514,None,,,,,2,11,83,11,234.31079370000225,,,,,,,,,,,,,,,,,,,,,,,,,,,,,,,,,234.29531480000878,234.31079370000225,235.29428420000477,235.29428420000477,235.29428420000477,235.3939903999999,235.59433350000472,235.59433350000472,236.06136360000528,up,0.4509036999952514,None,236.06147780000174,236.07736619999923,236.5776029000117,236.56115050001245,,,,,,P2,001,2025-11-21_18h09.43.917,solo_project,,2025.1.1,59.961564634092184,2025-11-21 18h09.56.773523 +0530,
invalid_same,-0.168,-0.175,-0.168,0.149,84,12,2,,,,up,0.3990173999918625,None,,,,,2,12,84,25,236.5776029000117,,,,,,,,,,,,,,,,,,,,,,,,,,,,,,,,,236.56187640001008,236.5776029000117,237.56087680000928,237.56087680000928,237.56087680000928,237.66078800000832,237.86080429999856,237.86080429999856,238.2614709000045,up,0.3990173999918625,None,238.26159780001035,238.2774039000069,238.77741490000335,238.761024300009,,,,,,P2,001,2025-11-21_18h09.43.917,solo_project,,2025.1.1,59.961564634092184,2025-11-21 18h09.56.773523 +0530,
catch,-0.168,-0.175,None,None,85,13,2,,,,None,,,,,,,2,13,85,33,238.77741490000335,,,,,,,,,,,,,,,,,,,,,,,,,,,,,,,,,238.76202130000456,238.77741490000335,239.76064060001227,239.76064060001227,239.76064060001227,239.86070400000608,240.060685000004,240.060685000004,242.0447841999994,None,,,242.0448875000002,242.0606875000085,242.56070660000842,242.54446290001215,242.0606875000085,242.0606875000085,242.0606875000085,242.0606875000085,242.0606875000085,P2,001,2025-11-21_18h09.43.917,solo_project,,2025.1.1,59.961564634092184,2025-11-21 18h09.56.773523 +0530,
valid,0.168,0.175,0.168,0.149,86,14,2,,,,up,0.5424352999980329,None,,,,,2,14,86,14,242.56070660000842,,,,,,,,,,,,,,,,,,,,,,,,,,,,,,,,,242.5453242000076,242.56070660000842,243.56076360000588,243.56076360000588,243.56076360000588,243.660787300003,243.86080039999797,243.86080039999797,244.41138230000797,up,0.5424352999980329,None,244.41149740001129,244.42729200000758,244.92717340000672,244.9105794000061,,,,,,P2,001,2025-11-21_18h09.43.917,solo_project,,2025.1.1,59.961564634092184,2025-11-21 18h09.56.773523 +0530,
invalid_diff,-0.168,-0.175,0.168,-0.149,87,15,2,,,,up,0.4084216000046581,None,,,,,2,15,87,29,244.92717340000672,,,,,,,,,,,,,,,,,,,,,,,,,,,,,,,,,244.91136379999807,244.92717340000672,245.91066940000746,245.91066940000746,245.91066940000746,246.01069150000694,246.21079019999888,246.21079019999888,246.6281780999998,up,0.4084216000046581,None,246.6282829999982,246.64404880000802,247.1439126000041,247.12778360000812,,,,,,P2,001,2025-11-21_18h09.43.917,solo_project,,2025.1.1,59.961564634092184,2025-11-21 18h09.56.773523 +0530,
valid,-0.168,-0.175,-0.168,-0.149,88,16,2,,,,up,0.42864719999488443,None,,,,,2,16,88,1,247.1439126000041,,,,,,,,,,,,,,,,,,,,,,,,,,,,,,,,,247.1285222000006,247.1439126000041,248.12741000000096,248.12741000000096,248.12741000000096,248.2274391000101,248.4274698000081,248.4274698000081,248.8614854000043,up,0.42864719999488443,None,248.86160490001203,248.87734540000383,249.37740870000562,249.36090060000424,,,,,,P2,001,2025-11-21_18h09.43.917,solo_project,,2025.1.1,59.961564634092184,2025-11-21 18h09.56.773523 +0530,
valid,-0.168,0.175,-0.168,0.149,89,17,2,,,,up,0.3479998999973759,None,,,,,2,17,89,8,249.37740870000562,,,,,,,,,,,,,,,,,,,,,,,,,,,,,,,,,249.36164570000255,249.37740870000562,250.36084010000923,250.36084010000923,250.36084010000923,250.46064820000902,250.66078740000376,250.66078740000376,251.01091350000934,up,0.3479998999973759,None,251.01101590000326,251.02703440000187,251.52705290001177,251.51053150001098,,,,,,P2,001,2025-11-21_18h09.43.917,solo_project,,2025.1.1,59.961564634092184,2025-11-21 18h09.56.773523 +0530,
valid,0.168,-0.175,0.168,-0.149,90,18,2,,,,up,0.1756533000007039,None,,,,,2,18,90,15,251.52705290001177,,,,,,,,,,,,,,,,,,,,,,,,,,,,,,,,,251.51114329999837,251.52705290001177,252.51070560001244,252.51070560001244,252.51070560001244,252.61078350000025,252.81063430001086,252.81063430001086,252.99482940000598,up,0.1756533000007039,None,252.99493710001116,253.01066460000584,253.51060130000405,253.49434640000982,,,,,,P2,001,2025-11-21_18h09.43.917,solo_project,,2025.1.1,59.961564634092184,2025-11-21 18h09.56.773523 +0530,
catch,-0.168,0.175,None,None,91,19,2,,,,None,,,,,,,2,19,91,32,253.51060130000405,,,,,,,,,,,,,,,,,,,,,,,,,,,,,,,,,253.49526470000274,253.51060130000405,254.51042710000183,254.51042710000183,254.51042710000183,254.61053740000352,254.7939902000071,254.7939902000071,256.7778473000071,None,,,256.7779297000088,256.79390879999846,257.2940474000061,257.2773950000119,256.79390879999846,256.79390879999846,256.79390879999846,256.79390879999846,256.79390879999846,P2,001,2025-11-21_18h09.43.917,solo_project,,2025.1.1,59.961564634092184,2025-11-21 18h09.56.773523 +0530,
valid,0.168,-0.175,0.168,-0.149,92,20,2,,,,up,0.5029237999988254,None,,,,,2,20,92,3,257.2940474000061,,,,,,,,,,,,,,,,,,,,,,,,,,,,,,,,,257.2779557000031,257.31054000000586,258.29409760001,258.29409760001,258.29409760001,258.3939475000079,258.594147900003,258.594147900003,259.1115436000109,up,0.5029237999988254,None,259.1116585999989,259.12731850000273,259.62753510000766,259.6111341000069,,,,,,P2,001,2025-11-21_18h09.43.917,solo_project,,2025.1.1,59.961564634092184,2025-11-21 18h09.56.773523 +0530,
invalid_diff,-0.168,0.175,0.168,0.149,93,21,2,,,,up,0.44209549999504816,None,,,,,2,21,93,28,259.62753510000766,,,,,,,,,,,,,,,,,,,,,,,,,,,,,,,,,259.6118848000042,259.62753510000766,260.6108494000073,260.6108494000073,260.6108494000073,260.7107435000071,260.9107074000058,260.9107074000058,261.3613061000069,up,0.44209549999504816,None,261.3614196999988,261.3773280000023,261.87731630000053,261.86094440000306,,,,,,P2,001,2025-11-21_18h09.43.917,solo_project,,2025.1.1,59.961564634092184,2025-11-21 18h09.56.773523 +0530,
valid,-0.168,0.175,-0.168,0.149,94,22,2,,,,up,0.35779789999651257,None,,,,,2,22,94,4,261.87731630000053,,,,,,,,,,,,,,,,,,,,,,,,,,,,,,,,,261.86174800001027,261.87731630000053,262.86051090000547,262.86051090000547,262.86051090000547,262.96044220001204,263.1771633000026,263.1771633000026,263.54451790000894,up,0.35779789999651257,None,263.5446258000011,263.560384100012,264.0605926999997,264.0442772000097,,,,,,P2,001,2025-11-21_18h09.43.917,solo_project,,2025.1.1,59.961564634092184,2025-11-21 18h09.56.773523 +0530,
valid,0.168,0.175,0.168,0.149,95,23,2,,,,up,0.11706459999550134,None,,,,,2,23,95,2,264.0605926999997,,,,,,,,,,,,,,,,,,,,,,,,,,,,,,,,,264.04500520000875,264.0605926999997,265.04417710000416,265.04417710000416,265.04417710000416,265.14407629999914,265.34409170001163,265.34409170001163,265.4781890000013,up,0.11706459999550134,None,265.47830570000224,265.4940010999999,265.99395620000723,265.97757080000883,,,,,,P2,001,2025-11-21_18h09.43.917,solo_project,,2025.1.1,59.961564634092184,2025-11-21 18h09.56.773523 +0530,
valid,0.168,-0.175,0.168,-0.149,96,24,2,,,,up,0.37456789999851026,None,,,,,2,24,96,23,265.99395620000723,,,,,,,,,,,,,,,,,,,,,,,,,,,,,,,,,265.97829310000816,265.99395620000723,266.9772845000116,266.9772845000116,266.9772845000116,267.0773976000055,267.29410369999823,267.29410369999823,267.67803020001156,up,0.37456789999851026,None,267.6781439000042,267.693961500001,268.1939444000018,268.17762460000813,,,,,,P2,001,2025-11-21_18h09.43.917,solo_project,,2025.1.1,59.961564634092184,2025-11-21 18h09.56.773523 +0530,
valid,0.168,0.175,0.168,0.149,97,25,2,,,,up,0.3839787000033539,None,,,,,2,25,97,18,268.1939444000018,,,,,,,,,,,,,,,,,,,,,,,,,,,,,,,,,268.17835729999933,268.1939444000018,269.19385120000516,269.19385120000516,269.19385120000516,269.29380440000386,269.4772229000082,269.4772229000082,269.87789200000407,up,0.3839787000033539,None,269.8780104000034,269.893854000009,270.39377590001095,270.3775849000085,,,,,,P2,001,2025-11-21_18h09.43.917,solo_project,,2025.1.1,59.961564634092184,2025-11-21 18h09.56.773523 +0530,
catch,0.168,0.175,None,None,98,26,2,,,,None,,,,,,,2,26,98,34,270.39377590001095,,,,,,,,,,,,,,,,,,,,,,,,,,,,,,,,,270.3789058000111,270.39377590001095,271.3773666000052,271.3773666000052,271.3773666000052,271.47728800000914,271.6773990000074,271.6773990000074,273.6611444000009,None,,,273.66123199999856,273.677214299998,274.177216600001,274.16070000000764,273.677214299998,273.677214299998,273.677214299998,273.677214299998,273.677214299998,P2,001,2025-11-21_18h09.43.917,solo_project,,2025.1.1,59.961564634092184,2025-11-21 18h09.56.773523 +0530,
valid,0.168,0.175,0.168,0.149,99,27,2,,,,up,0.3726981999934651,None,,,,,2,27,99,6,274.177216600001,,,,,,,,,,,,,,,,,,,,,,,,,,,,,,,,,274.1614927000046,274.177216600001,275.1773242000054,275.1773242000054,275.1773242000054,275.2771997000091,275.4772948000027,275.4772948000027,275.8624573999987,up,0.3726981999934651,None,275.86256390000926,275.8771351000032,276.3772849000088,276.3609398999979,,,,,,P2,001,2025-11-21_18h09.43.917,solo_project,,2025.1.1,59.961564634092184,2025-11-21 18h09.56.773523 +0530,
invalid_diff,0.168,0.175,-0.168,0.149,100,28,2,,,,up,0.5550419999926817,None,,,,,2,28,100,30,276.3772849000088,,,,,,,,,,,,,,,,,,,,,,,,,,,,,,,,,276.361679499998,276.3772849000088,277.3774017000105,277.3774017000105,277.3774017000105,277.4773165000079,277.67737710000074,277.67737710000074,278.244574700002,up,0.5550419999926817,None,278.2446857000032,278.26051870000083,278.7605028000107,278.74430890000076,,,,,,P2,001,2025-11-21_18h09.43.917,solo_project,,2025.1.1,59.961564634092184,2025-11-21 18h09.56.773523 +0530,
valid,-0.168,0.175,-0.168,0.149,101,29,2,,,,up,0.3990739000000758,None,,,,,2,29,101,20,278.7605028000107,,,,,,,,,,,,,,,,,,,,,,,,,,,,,,,,,278.7450700000045,278.7605028000107,279.7439491000114,279.7439491000114,279.7439491000114,279.8438812000095,280.0442536000046,280.0442536000046,280.44471989999874,up,0.3990739000000758,None,280.4448395000072,280.46048300000257,280.9601751000009,280.94399050000357,,,,,,P2,001,2025-11-21_18h09.43.917,solo_project,,2025.1.1,59.961564634092184,2025-11-21 18h09.56.773523 +0530,
valid,-0.168,-0.175,-0.168,-0.149,102,30,2,,,,up,0.3550743999949191,None,,,,,2,30,102,9,280.9601751000009,,,,,,,,,,,,,,,,,,,,,,,,,,,,,,,,,280.9446098000044,280.9601751000009,281.94391890001134,281.94391890001134,281.94391890001134,282.04405060000136,282.2439519000036,282.2439519000036,282.61124080000445,up,0.3550743999949191,None,282.6113544000109,282.62717800000974,283.1268859999982,283.1104561000102,,,,,,P2,001,2025-11-21_18h09.43.917,solo_project,,2025.1.1,59.961564634092184,2025-11-21 18h09.56.773523 +0530,
catch,0.168,-0.175,None,None,103,31,2,,,,None,,,,,,,2,31,103,35,283.1268859999982,,,,,,,,,,,,,,,,,,,,,,,,,,,,,,,,,283.11120949999895,283.1268859999982,284.1104020000057,284.1104020000057,284.1104020000057,284.2102392000088,284.4105056000117,284.4105056000117,286.394394700008,None,,,286.3944790000096,286.4104822000081,286.91019330000563,286.89374240000325,286.4104822000081,286.4104822000081,286.4104822000081,286.4104822000081,286.4104822000081,P2,001,2025-11-21_18h09.43.917,solo_project,,2025.1.1,59.961564634092184,2025-11-21 18h09.56.773523 +0530,
valid,0.168,0.175,0.168,0.149,104,32,2,,,,up,0.4364505999983521,None,,,,,2,32,104,22,286.91019330000563,,,,,,,,,,,,,,,,,,,,,,,,,,,,,,,,,286.89442399999825,286.9268740000116,287.9105020999996,287.9105020999996,287.9105020999996,288.01056550000794,288.21062340000935,288.21062340000935,288.66116260000854,up,0.4364505999983521,None,288.6612763000012,288.6771502000047,289.17725659999996,289.16093420000107,,,,,,P2,001,2025-11-21_18h09.43.917,solo_project,,2025.1.1,59.961564634092184,2025-11-21 18h09.56.773523 +0530,
valid,-0.168,-0.175,-0.168,-0.149,105,33,2,,,,up,0.3419711000024108,None,,,,,2,33,105,17,289.17725659999996,,,,,,,,,,,,,,,,,,,,,,,,,,,,,,,,,289.16178140000557,289.17725659999996,290.1605355000065,290.1605355000065,290.1605355000065,290.2604949000088,290.4605087000091,290.4605087000091,290.811148599998,up,0.3419711000024108,None,290.81148360000225,290.82726370000455,291.32717630000843,291.3108457000053,,,,,,P2,001,2025-11-21_18h09.43.917,solo_project,,2025.1.1,59.961564634092184,2025-11-21 18h09.56.773523 +0530,
valid,-0.168,-0.175,-0.168,-0.149,106,34,2,,,,up,0.3299228999967454,None,,,,,2,34,106,13,291.32717630000843,,,,,,,,,,,,,,,,,,,,,,,,,,,,,,,,,291.3116360999993,291.32717630000843,292.31053060000704,292.31053060000704,292.31053060000704,292.4105550000095,292.6104292000091,292.6104292000091,292.94433710000885,up,0.3299228999967454,None,292.9444540000113,292.9601274000015,293.4604263000074,293.4441334000003,,,,,,P2,001,2025-11-21_18h09.43.917,solo_project,,2025.1.1,59.961564634092184,2025-11-21 18h09.56.773523 +0530,
valid,-0.168,0.175,-0.168,0.149,107,35,2,,,,up,0.15634859999408945,None,,,,,2,35,107,12,293.4604263000074,,,,,,,,,,,,,,,,,,,,,,,,,,,,,,,,,293.44485860000714,293.4604263000074,294.4439395000081,294.4439395000081,294.4439395000081,294.543880600002,294.7438594999985,294.7438594999985,294.9114612000121,up,0.15634859999408945,None,294.9115925000078,294.9272622999997,295.42732790000446,295.41071570001077,,,,,,P2,001,2025-11-21_18h09.43.917,solo_project,,2025.1.1,59.961564634092184,2025-11-21 18h09.56.773523 +0530,
invalid_same,0.168,-0.175,0.168,0.149,108,0,3,,,,up,0.14614179999625776,None,,,,,3,0,108,27,295.42732790000446,,,,,,,,,,,,,,,,,,,,,,,,,,,,,,,,,295.4117158000008,295.42732790000446,296.42723100000876,296.42723100000876,296.42723100000876,296.5273853000108,296.7105542000063,296.7105542000063,296.86116570000013,up,0.14614179999625776,None,296.86127770000894,296.8770930000028,297.3771498999995,297.36084590000974,,,,,,P2,001,2025-11-21_18h09.43.917,solo_project,,2025.1.1,59.961564634092184,2025-11-21 18h09.56.773523 +0530,
valid,0.168,0.175,0.168,0.149,109,1,3,,,,up,0.4327259999990929,None,,,,,3,1,109,22,297.3771498999995,,,,,,,,,,,,,,,,,,,,,,,,,,,,,,,,,297.3615945000056,297.3771498999995,298.3605525000021,298.3605525000021,298.3605525000021,298.46044280000206,298.6602818000101,298.6602818000101,299.0947331000061,up,0.4327259999990929,None,299.09490510000614,299.11027780000586,299.61034250000375,299.5942031000013,,,,,,P2,001,2025-11-21_18h09.43.917,solo_project,,2025.1.1,59.961564634092184,2025-11-21 18h09.56.773523 +0530,
valid,-0.168,0.175,-0.168,0.149,110,2,3,,,,up,0.33917099999962375,None,,,,,3,2,110,0,299.61034250000375,,,,,,,,,,,,,,,,,,,,,,,,,,,,,,,,,299.5948789000104,299.61034250000375,300.5938279000111,300.5938279000111,300.5938279000111,300.6939074000111,300.89391009999963,300.89391009999963,301.2445588000119,up,0.33917099999962375,None,301.2446734000114,301.2605583000113,301.76025550000486,301.74432360001083,,,,,,P2,001,2025-11-21_18h09.43.917,solo_project,,2025.1.1,59.961564634092184,2025-11-21 18h09.56.773523 +0530,
invalid_diff,0.168,0.175,-0.168,0.149,111,3,3,,,,up,0.42481969999789726,None,,,,,3,3,111,30,301.76025550000486,,,,,,,,,,,,,,,,,,,,,,,,,,,,,,,,,301.7450489000039,301.76025550000486,302.74389900000824,302.74389900000824,302.74389900000824,302.843893199999,303.0439330000081,303.0439330000081,303.4778587000037,up,0.42481969999789726,None,303.4779703000095,303.49383300000045,303.99388629999885,303.9774075000023,,,,,,P2,001,2025-11-21_18h09.43.917,solo_project,,2025.1.1,59.961564634092184,2025-11-21 18h09.56.773523 +0530,
valid,0.168,0.175,0.168,0.149,112,4,3,,,,up,0.31805509999685455,None,,,,,3,4,112,14,303.99388629999885,,,,,,,,,,,,,,,,,,,,,,,,,,,,,,,,,303.97811740000907,303.99388629999885,304.99369339999976,304.99369339999976,304.99369339999976,305.0936075000063,305.2938533000124,305.2938533000124,305.6279695999983,up,0.31805509999685455,None,305.6280823999987,305.6438673000084,306.14384830000927,306.1275549999991,,,,,,P2,001,2025-11-21_18h09.43.917,solo_project,,2025.1.1,59.961564634092184,2025-11-21 18h09.56.773523 +0530,
valid,0.168,-0.175,0.168,-0.149,113,5,3,,,,up,0.3903939000010723,None,,,,,3,5,113,19,306.14384830000927,,,,,,,,,,,,,,,,,,,,,,,,,,,,,,,,,306.1283201000042,306.14384830000927,307.1270930000028,307.1270930000028,307.1270930000028,307.22721920000913,307.4272701000009,307.4272701000009,307.8278738000081,up,0.3903939000010723,None,307.8279859000031,307.8438163000101,308.34386360000644,308.32744210000965,,,,,,P2,001,2025-11-21_18h09.43.917,solo_project,,2025.1.1,59.961564634092184,2025-11-21 18h09.56.773523 +0530,
catch,0.168,-0.175,None,None,114,6,3,,,,up,1.6434650000010151,None,,,,,3,6,114,35,308.34386360000644,,,,,,,,,,,,,,,,,,,,,,,,,,,,,,,,,308.32836460000544,308.34386360000644,309.32720410000184,309.32720410000184,309.32720410000184,309.42718860000605,309.62717110000085,309.62717110000085,311.2774941000098,up,1.6434650000010151,None,311.27755670000624,311.2933374999993,311.7938142000057,311.7774671000079,,,,,,P2,001,2025-11-21_18h09.43.917,solo_project,,2025.1.1,59.961564634092184,2025-11-21 18h09.56.773523 +0530,
valid,-0.168,-0.175,-0.168,-0.149,115,7,3,,,,up,0.6057918000005884,None,,,,,3,7,115,17,311.7938142000057,,,,,,,,,,,,,,,,,,,,,,,,,,,,,,,,,311.77825050000683,311.7938142000057,312.7771605000016,312.7771605000016,312.7771605000016,312.8772719999979,313.07719440000074,313.07719440000074,313.6941588000045,up,0.6057918000005884,None,313.69425690000935,313.7101146000059,314.2103579000104,314.1942388000025,,,,,,P2,001,2025-11-21_18h09.43.917,solo_project,,2025.1.1,59.961564634092184,2025-11-21 18h09.56.773523 +0530,
catch,-0.168,0.175,None,None,116,8,3,,,,None,,,,,,,3,8,116,32,314.2103579000104,,,,,,,,,,,,,,,,,,,,,,,,,,,,,,,,,314.195140900003,314.2103579000104,315.19390280000516,315.19390280000516,315.19390280000516,315.2938482000027,315.4937768000091,315.4937768000091,317.4776857000106,None,,,317.47776819999854,317.4936408000067,317.9938234000001,317.97742680000374,317.4936408000067,317.4936408000067,317.4936408000067,317.4936408000067,317.4936408000067,P2,001,2025-11-21_18h09.43.917,solo_project,,2025.1.1,59.961564634092184,2025-11-21 18h09.56.773523 +0530,
valid,-0.168,-0.175,-0.168,-0.149,117,9,3,,,,up,0.7190408000024036,None,,,,,3,9,117,5,317.9938234000001,,,,,,,,,,,,,,,,,,,,,,,,,,,,,,,,,317.9783565000107,317.9938234000001,318.9938950000069,318.9938950000069,318.9938950000069,319.09385580000526,319.29390520000015,319.29390520000015,320.02783310000086,up,0.7190408000024036,None,320.02794660000654,320.04361960000824,320.54388630000176,320.52738900000986,,,,,,P2,001,2025-11-21_18h09.43.917,solo_project,,2025.1.1,59.961564634092184,2025-11-21 18h09.56.773523 +0530,
valid,-0.168,-0.175,-0.168,-0.149,118,10,3,,,,up,0.49685710000630934,None,,,,,3,10,118,1,320.54388630000176,,,,,,,,,,,,,,,,,,,,,,,,,,,,,,,,,320.52812230000563,320.54388630000176,321.5271941000101,321.5271941000101,321.5271941000101,321.627212300009,321.8271625000052,321.8271625000052,322.3277422000101,up,0.49685710000630934,None,322.3278560000035,322.3438138000056,322.8436029000004,322.82736520000617,,,,,,P2,001,2025-11-21_18h09.43.917,solo_project,,2025.1.1,59.961564634092184,2025-11-21 18h09.56.773523 +0530,
catch,-0.168,-0.175,None,None,119,11,3,,,,None,,,,,,,3,11,119,33,322.8436029000004,,,,,,,,,,,,,,,,,,,,,,,,,,,,,,,,,322.8287454000092,322.8436029000004,323.8273072000011,323.8273072000011,323.8273072000011,323.92714470000647,324.1272253000061,324.1272253000061,326.1109836000105,None,,,326.111069400009,326.12703899999906,326.6271312000026,326.6107197000092,326.12703899999906,326.12703899999906,326.12703899999906,326.12703899999906,326.12703899999906,P2,001,2025-11-21_18h09.43.917,solo_project,,2025.1.1,59.961564634092184,2025-11-21 18h09.56.773523 +0530,
valid,-0.168,0.175,-0.168,0.149,120,12,3,,,,up,0.31891890001134016,None,,,,,3,12,120,16,326.6271312000026,,,,,,,,,,,,,,,,,,,,,,,,,,,,,,,,,326.6114731999987,326.6271312000026,327.6271351000032,327.6271351000032,327.6271351000032,327.72711620001064,327.9271391000075,327.9271391000075,328.2610762000113,up,0.31891890001134016,None,328.261190300007,328.27698480000254,328.77670470000885,328.76035010001215,,,,,,P2,001,2025-11-21_18h09.43.917,solo_project,,2025.1.1,59.961564634092184,2025-11-21 18h09.56.773523 +0530,
valid,0.168,0.175,0.168,0.149,121,13,3,,,,up,0.391838600000483,None,,,,,3,13,121,6,328.77670470000885,,,,,,,,,,,,,,,,,,,,,,,,,,,,,,,,,328.76095120000537,328.77670470000885,329.7604655000032,329.7604655000032,329.7604655000032,329.86036990000866,330.06034219999856,330.06034219999856,330.4609405000083,up,0.391838600000483,None,330.46103140000196,330.476565200006,330.97709150001174,330.9608395000105,,,,,,P2,001,2025-11-21_18h09.43.917,solo_project,,2025.1.1,59.961564634092184,2025-11-21 18h09.56.773523 +0530,
invalid_diff,0.168,-0.175,-0.168,-0.149,122,14,3,,,,up,0.39344879999407567,None,,,,,3,14,122,31,330.97709150001174,,,,,,,,,,,,,,,,,,,,,,,,,,,,,,,,,330.9619429000013,330.97709150001174,331.96031880000373,331.96031880000373,331.96031880000373,332.0605485000124,332.2605152000033,332.2605152000033,332.66100500000175,up,0.39344879999407567,None,332.66111900001124,332.676933300012,333.1770148000069,333.1608043000015,,,,,,P2,001,2025-11-21_18h09.43.917,solo_project,,2025.1.1,59.961564634092184,2025-11-21 18h09.56.773523 +0530,
invalid_same,0.168,0.175,0.168,-0.149,123,15,3,,,,up,0.37367109999468084,None,,,,,3,15,123,26,333.1770148000069,,,,,,,,,,,,,,,,,,,,,,,,,,,,,,,,,333.16152480000164,333.1770148000069,334.1603848000086,334.1603848000086,334.1603848000086,334.2606233000115,334.4602067000087,334.4602067000087,334.84434560000955,up,0.37367109999468084,None,334.8444506000087,334.86020799999824,335.3603097000014,335.3437597000011,,,,,,P2,001,2025-11-21_18h09.43.917,solo_project,,2025.1.1,59.961564634092184,2025-11-21 18h09.56.773523 +0530,
catch,0.168,0.175,None,None,124,16,3,,,,None,,,,,,,3,16,124,34,335.3603097000014,,,,,,,,,,,,,,,,,,,,,,,,,,,,,,,,,335.34457840000687,335.3603097000014,336.3438426000066,336.3438426000066,336.3438426000066,336.44372910000675,336.64388699999836,336.64388699999836,338.627770600011,None,,,338.6278580000071,338.6436010000034,339.1436725000094,339.12733250000747,338.6436010000034,338.6436010000034,338.6436010000034,338.6436010000034,338.6436010000034,P2,001,2025-11-21_18h09.43.917,solo_project,,2025.1.1,59.961564634092184,2025-11-21 18h09.56.773523 +0530,
valid,-0.168,0.175,-0.168,0.149,125,17,3,,,,up,0.30535550000786316,None,,,,,3,17,125,12,339.1436725000094,,,,,,,,,,,,,,,,,,,,,,,,,,,,,,,,,339.12806120001187,339.1436725000094,340.1437117000023,340.1437117000023,340.1437117000023,340.24386410000443,340.4436245000106,340.4436245000106,340.76111910000327,up,0.30535550000786316,None,340.76128489999974,340.776777600011,341.2768253000104,341.26050440000836,,,,,,P2,001,2025-11-21_18h09.43.917,solo_project,,2025.1.1,59.961564634092184,2025-11-21 18h09.56.773523 +0530,
valid,0.168,0.175,0.168,0.149,126,18,3,,,,up,0.4833785000082571,None,,,,,3,18,126,10,341.2768253000104,,,,,,,,,,,,,,,,,,,,,,,,,,,,,,,,,341.2616202000063,341.2768253000104,342.2604738000082,342.2604738000082,342.2604738000082,342.36052180000115,342.5605318000016,342.5605318000016,343.0610243000119,up,0.4833785000082571,None,343.061165799998,343.07692180000595,343.5769452000095,343.56076150000445,,,,,,P2,001,2025-11-21_18h09.43.917,solo_project,,2025.1.1,59.961564634092184,2025-11-21 18h09.56.773523 +0530,
valid,0.168,-0.175,0.168,-0.149,127,19,3,,,,up,0.5852731000049971,None,,,,,3,19,127,23,343.5769452000095,,,,,,,,,,,,,,,,,,,,,,,,,,,,,,,,,343.56151189999946,343.5769452000095,344.56042100000195,344.56042100000195,344.56042100000195,344.6603451000119,344.8603775000083,344.8603775000083,345.4608925000066,up,0.5852731000049971,None,345.46104280000145,345.476727900008,345.97686819999944,345.96074809999845,,,,,,P2,001,2025-11-21_18h09.43.917,solo_project,,2025.1.1,59.961564634092184,2025-11-21 18h09.56.773523 +0530,
invalid_diff,-0.168,0.175,0.168,0.149,128,20,3,,,,up,0.3787341999995988,None,,,,,3,20,128,28,345.97686819999944,,,,,,,,,,,,,,,,,,,,,,,,,,,,,,,,,345.96148650000396,345.97686819999944,346.97682590001205,346.97682590001205,346.97682590001205,347.07684280000103,347.2602315000113,347.2602315000113,347.64425740001025,up,0.3787341999995988,None,347.64437120000366,347.6602875000099,348.1603046000091,348.1439834000048,,,,,,P2,001,2025-11-21_18h09.43.917,solo_project,,2025.1.1,59.961564634092184,2025-11-21 18h09.56.773523 +0530,
valid,0.168,-0.175,0.168,-0.149,129,21,3,,,,up,0.3014721999934409,None,,,,,3,21,129,3,348.1603046000091,,,,,,,,,,,,,,,,,,,,,,,,,,,,,,,,,348.14481110000634,348.1603046000091,349.14378820000275,349.14378820000275,349.14378820000275,349.2436344000016,349.44373490000726,349.44373490000726,349.7610385000007,up,0.3014721999934409,None,349.76115089999803,349.77698340000643,350.27692760000355,350.2608115000039,,,,,,P2,001,2025-11-21_18h09.43.917,solo_project,,2025.1.1,59.961564634092184,2025-11-21 18h09.56.773523 +0530,
valid,0.168,0.175,0.168,0.149,130,22,3,,,,up,0.33406229999673087,None,,,,,3,22,130,2,350.27692760000355,,,,,,,,,,,,,,,,,,,,,,,,,,,,,,,,,350.26154520000273,350.27692760000355,351.2605191000039,351.2605191000039,351.2605191000039,351.360497200003,351.56049319999875,351.56049319999875,351.91086620000715,up,0.33406229999673087,None,351.91103830000793,351.9267580000014,352.42662350001046,352.4101567000034,,,,,,P2,001,2025-11-21_18h09.43.917,solo_project,,2025.1.1,59.961564634092184,2025-11-21 18h09.56.773523 +0530,
valid,-0.168,0.175,-0.168,0.149,131,23,3,,,,up,0.34599910001270473,None,,,,,3,23,131,8,352.42662350001046,,,,,,,,,,,,,,,,,,,,,,,,,,,,,,,,,352.4106948999979,352.42662350001046,353.4104432000022,353.4104432000022,353.4104432000022,353.5103877000074,353.71032790000027,353.71032790000027,354.061142800012,up,0.34599910001270473,None,354.06125579999934,354.07689680000476,354.5769238000066,354.5606926000037,,,,,,P2,001,2025-11-21_18h09.43.917,solo_project,,2025.1.1,59.961564634092184,2025-11-21 18h09.56.773523 +0530,
valid,-0.168,-0.175,-0.168,-0.149,132,24,3,,,,up,0.49029349999909755,None,,,,,3,24,132,21,354.5769238000066,,,,,,,,,,,,,,,,,,,,,,,,,,,,,,,,,354.5614979000093,354.5769238000066,355.5604081000056,355.5604081000056,355.5604081000056,355.6603923000075,355.860334099998,355.860334099998,356.36103460000595,up,0.49029349999909755,None,356.36114700000326,356.376943100011,356.8768917999987,356.8606673000031,,,,,,P2,001,2025-11-21_18h09.43.917,solo_project,,2025.1.1,59.961564634092184,2025-11-21 18h09.56.773523 +0530,
invalid_same,-0.168,0.175,-0.168,-0.149,133,25,3,,,,up,0.38860759999079164,None,,,,,3,25,133,24,356.8768917999987,,,,,,,,,,,,,,,,,,,,,,,,,,,,,,,,,356.8614146000036,356.8768917999987,357.860382800005,357.860382800005,357.860382800005,357.9603275000118,358.1604898000078,358.1604898000078,358.5608358000027,up,0.38860759999079164,None,358.5609480999992,358.57670400000643,359.0768348999991,359.06037550000474,,,,,,P2,001,2025-11-21_18h09.43.917,solo_project,,2025.1.1,59.961564634092184,2025-11-21 18h09.56.773523 +0530,
invalid_diff,-0.168,-0.175,0.168,-0.149,134,26,3,,,,up,0.67476500000339,None,,,,,3,26,134,29,359.0768348999991,,,,,,,,,,,,,,,,,,,,,,,,,,,,,,,,,359.0610893999983,359.0768348999991,360.0603706000111,360.0603706000111,360.0603706000111,360.16038539999863,360.3602866000001,360.3602866000001,361.0443656999996,up,0.67476500000339,None,361.0444768000016,361.06026090000523,361.5603909000056,361.54401120000693,,,,,,P2,001,2025-11-21_18h09.43.917,solo_project,,2025.1.1,59.961564634092184,2025-11-21 18h09.56.773523 +0530,
valid,-0.168,-0.175,-0.168,-0.149,135,27,3,,,,up,0.6426200999994762,None,,,,,3,27,135,13,361.5603909000056,,,,,,,,,,,,,,,,,,,,,,,,,,,,,,,,,361.544739200006,361.5603909000056,362.54364650000934,362.54364650000934,362.54364650000934,362.64363890000095,362.84370800000033,362.84370800000033,363.4943275000114,up,0.6426200999994762,None,363.49444290000247,363.51010040000256,364.0102998000075,363.9938688000111,,,,,,P2,001,2025-11-21_18h09.43.917,solo_project,,2025.1.1,59.961564634092184,2025-11-21 18h09.56.773523 +0530,
invalid_same,-0.168,-0.175,-0.168,0.149,136,28,3,,,,up,0.7157155000022613,None,,,,,3,28,136,25,364.0102998000075,,,,,,,,,,,,,,,,,,,,,,,,,,,,,,,,,363.99466570001096,364.0102998000075,365.0101380000124,365.0101380000124,365.0101380000124,365.10999560001073,365.2936797000002,365.2936797000002,366.0110667000117,up,0.7157155000022613,None,366.0111803000036,366.02697120000084,366.52682290000666,366.5108795000124,,,,,,P2,001,2025-11-21_18h09.43.917,solo_project,,2025.1.1,59.961564634092184,2025-11-21 18h09.56.773523 +0530,
valid,-0.168,0.175,-0.168,0.149,137,29,3,,,,up,0.462936299998546,None,,,,,3,29,137,4,366.52682290000666,,,,,,,,,,,,,,,,,,,,,,,,,,,,,,,,,366.5116168000095,366.52682290000666,367.5102584000124,367.5102584000124,367.5102584000124,367.6103550000116,367.8103109000076,367.8103109000076,368.27743310001097,up,0.462936299998546,None,368.27754229999846,368.2932981000049,368.7933914000023,368.7771313000121,,,,,,P2,001,2025-11-21_18h09.43.917,solo_project,,2025.1.1,59.961564634092184,2025-11-21 18h09.56.773523 +0530,
valid,0.168,-0.175,0.168,-0.149,138,30,3,,,,up,0.3875050999922678,None,,,,,3,30,138,11,368.7933914000023,,,,,,,,,,,,,,,,,,,,,,,,,,,,,,,,,368.77782310001203,368.7933914000023,369.7933236000099,369.7933236000099,369.7933236000099,369.89345820000744,370.0767621000123,370.0767621000123,370.4774347000057,up,0.3875050999922678,None,370.47751190001145,370.49302710000484,370.99334510001063,370.9772292999987,,,,,,P2,001,2025-11-21_18h09.43.917,solo_project,,2025.1.1,59.961564634092184,2025-11-21 18h09.56.773523 +0530,
valid,0.168,0.175,0.168,0.149,139,31,3,,,,up,0.2700673000072129,None,,,,,3,31,139,18,370.99334510001063,,,,,,,,,,,,,,,,,,,,,,,,,,,,,,,,,370.9780005000066,370.99334510001063,371.97697780000453,371.97697780000453,371.97697780000453,372.07691930000146,372.27681380001013,372.27681380001013,372.5609928000049,up,0.2700673000072129,None,372.5611181999993,372.5768500000122,373.07685930001026,373.06060979999893,,,,,,P2,001,2025-11-21_18h09.43.917,solo_project,,2025.1.1,59.961564634092184,2025-11-21 18h09.56.773523 +0530,
valid,0.168,-0.175,0.168,-0.149,140,32,3,,,,up,0.130831099988427,None,,,,,3,32,140,7,373.07685930001026,,,,,,,,,,,,,,,,,,,,,,,,,,,,,,,,,373.0613468000083,373.07685930001026,374.0602091000037,374.0602091000037,374.0602091000037,374.16018740000436,374.36037999999826,374.36037999999826,374.4943792999984,up,0.130831099988427,None,374.49450539999816,374.5101493000111,375.01002440000593,374.9936907000083,,,,,,P2,001,2025-11-21_18h09.43.917,solo_project,,2025.1.1,59.961564634092184,2025-11-21 18h09.56.773523 +0530,
valid,0.168,-0.175,0.168,-0.149,141,33,3,,,,up,0.21237029999610968,None,,,,,3,33,141,15,375.01002440000593,,,,,,,,,,,,,,,,,,,,,,,,,,,,,,,,,374.9942505000072,375.01002440000593,376.0099506000115,376.0099506000115,376.0099506000115,376.1100168000121,376.31025039999804,376.31025039999804,376.52752810000675,up,0.21237029999610968,None,376.52759350000997,376.54319450000185,377.04327570000896,377.02689510000346,,,,,,P2,001,2025-11-21_18h09.43.917,solo_project,,2025.1.1,59.961564634092184,2025-11-21 18h09.56.773523 +0530,
valid,-0.168,-0.175,-0.168,-0.149,142,34,3,,,,up,0.24301130000094417,None,,,,,3,34,142,9,377.04327570000896,,,,,,,,,,,,,,,,,,,,,,,,,,,,,,,,,377.0274882000085,377.04327570000896,378.0432842000009,378.0432842000009,378.0432842000009,378.14338160000625,378.3268548000051,378.3268548000051,378.57756540000264,up,0.24301130000094417,None,378.5777142000006,378.59328420000384,379.09325950000493,379.0768643000047,,,,,,P2,001,2025-11-21_18h09.43.917,solo_project,,2025.1.1,59.961564634092184,2025-11-21 18h09.56.773523 +0530,
valid,-0.168,0.175,-0.168,0.149,143,35,3,,,,up,0.3716254999890225,None,,,,,3,35,143,20,379.09325950000493,,,,,,,,,,,,,,,,,,,,,,,,,,,,,,,,,379.07758750001085,379.09325950000493,380.09325730000273,380.09325730000273,380.09325730000273,380.1932553000079,380.393407399999,380.393407399999,380.7772171000106,up,0.3716254999890225,None,380.77731020000647,380.79331249999814,381.29321050000726,381.27691600000253,,,,,,P2,001,2025-11-21_18h09.43.917,solo_project,,2025.1.1,59.961564634092184,2025-11-21 18h09.56.773523 +0530,
valid,-0.168,0.175,-0.168,0.149,144,0,4,,,,up,0.7465360999922268,None,,,,,4,0,144,8,381.29321050000726,,,,,,,,,,,,,,,,,,,,,,,,,,,,,,,,,381.2775767999992,381.29321050000726,382.27678900001047,382.27678900001047,382.27678900001047,382.3766681999987,382.57668040000135,382.57668040000135,383.3270329000079,up,0.7465360999922268,None,383.327091500003,383.3431805,383.8433462000103,383.8269577000028,,,,,,P2,001,2025-11-21_18h09.43.917,solo_project,,2025.1.1,59.961564634092184,2025-11-21 18h09.56.773523 +0530,
valid,-0.168,0.175,-0.168,0.149,145,1,4,,,,up,0.6470340000087162,None,,,,,4,1,145,4,383.8433462000103,,,,,,,,,,,,,,,,,,,,,,,,,,,,,,,,,383.8276432999992,383.8433462000103,384.82667100000253,384.82667100000253,384.82667100000253,384.92676820000634,385.12681970000267,385.12681970000267,385.7779683999979,up,0.6470340000087162,None,385.7780805000075,385.7934799000068,386.2934141000005,386.2771681000013,,,,,,P2,001,2025-11-21_18h09.43.917,solo_project,,2025.1.1,59.961564634092184,2025-11-21 18h09.56.773523 +0530,
valid,-0.168,-0.175,-0.168,-0.149,146,2,4,,,,up,0.33615210000425577,None,,,,,4,2,146,5,386.2934141000005,,,,,,,,,,,,,,,,,,,,,,,,,,,,,,,,,386.2779068000091,386.2934141000005,387.29351610000595,387.29351610000595,387.29351610000595,387.3935228000046,387.5935907000094,387.5935907000094,387.9442401999986,up,0.33615210000425577,None,387.9443525000097,387.96000230000936,388.45993610000005,388.44354900000326,,,,,,P2,001,2025-11-21_18h09.43.917,solo_project,,2025.1.1,59.961564634092184,2025-11-21 18h09.56.773523 +0530,
valid,0.168,0.175,0.168,0.149,147,3,4,,,,up,0.28646519999892917,None,,,,,4,3,147,6,388.45993610000005,,,,,,,,,,,,,,,,,,,,,,,,,,,,,,,,,388.4441011000017,388.45993610000005,389.44351490000554,389.44351490000554,389.44351490000554,389.54351780000434,389.74353260001226,389.74353260001226,390.0441323000123,up,0.28646519999892917,None,390.04423920001136,390.05986439999833,390.5601031000115,390.54380810000293,,,,,,P2,001,2025-11-21_18h09.43.917,solo_project,,2025.1.1,59.961564634092184,2025-11-21 18h09.56.773523 +0530,
valid,-0.168,-0.175,-0.168,-0.149,148,4,4,,,,up,0.6177873999986332,None,,,,,4,4,148,21,390.5601031000115,,,,,,,,,,,,,,,,,,,,,,,,,,,,,,,,,390.54455250001047,390.5601031000115,391.5435667999991,391.5435667999991,391.5435667999991,391.64357690000907,391.843618400002,391.843618400002,392.4775684000051,up,0.6177873999986332,None,392.4776803999994,392.49343560000125,392.99341220001224,392.9772699000023,,,,,,P2,001,2025-11-21_18h09.43.917,solo_project,,2025.1.1,59.961564634092184,2025-11-21 18h09.56.773523 +0530,
valid,-0.168,-0.175,-0.168,-0.149,149,5,4,,,,up,0.3898264999879757,None,,,,,4,5,149,17,392.99341220001224,,,,,,,,,,,,,,,,,,,,,,,,,,,,,,,,,392.97800760000246,392.99341220001224,393.97685840001213,393.97685840001213,393.97685840001213,394.076819599999,394.29344390000915,394.29344390000915,394.6938888000004,up,0.3898264999879757,None,394.6939941000019,394.7100103999983,395.20991170000343,395.19367390000843,,,,,,P2,001,2025-11-21_18h09.43.917,solo_project,,2025.1.1,59.961564634092184,2025-11-21 18h09.56.773523 +0530,
valid,-0.168,0.175,-0.168,0.149,150,6,4,,,,up,0.36338209999667015,None,,,,,4,6,150,16,395.20991170000343,,,,,,,,,,,,,,,,,,,,,,,,,,,,,,,,,395.19451390000177,395.20991170000343,396.19347220000054,396.19347220000054,396.19347220000054,396.29346250000526,396.4935627000086,396.4935627000086,396.8608084000007,up,0.36338209999667015,None,396.8609218000056,396.87674120000156,397.37675390001095,397.3603379999986,,,,,,P2,001,2025-11-21_18h09.43.917,solo_project,,2025.1.1,59.961564634092184,2025-11-21 18h09.56.773523 +0530,
invalid_same,0.168,0.175,0.168,-0.149,151,7,4,,,,up,0.1306480999919586,None,,,,,4,7,151,26,397.37675390001095,,,,,,,,,,,,,,,,,,,,,,,,,,,,,,,,,397.3610655000084,397.37675390001095,398.36024170000746,398.36024170000746,398.36024170000746,398.4602412000095,398.66048850001243,398.66048850001243,398.7941676000046,up,0.1306480999919586,None,398.7942807000072,398.8101278000104,399.3101721999992,399.29375360000995,,,,,,P2,001,2025-11-21_18h09.43.917,solo_project,,2025.1.1,59.961564634092184,2025-11-21 18h09.56.773523 +0530,
valid,0.168,-0.175,0.168,-0.149,152,8,4,,,,up,0.2712256999948295,None,,,,,4,8,152,15,399.3101721999992,,,,,,,,,,,,,,,,,,,,,,,,,,,,,,,,,399.29453959999955,399.3101721999992,400.31001359999937,400.31001359999937,400.31001359999937,400.40979560000414,400.60992510001233,400.60992510001233,400.89396359999955,up,0.2712256999948295,None,400.8940583000076,400.90978280000854,401.40986640000483,401.393939600006,,,,,,P2,001,2025-11-21_18h09.43.917,solo_project,,2025.1.1,59.961564634092184,2025-11-21 18h09.56.773523 +0530,
invalid_diff,0.168,0.175,-0.168,0.149,153,9,4,,,,up,0.4682948999979999,None,,,,,4,9,153,30,401.40986640000483,,,,,,,,,,,,,,,,,,,,,,,,,,,,,,,,,401.3947249000048,401.40986640000483,402.3935102000105,402.3935102000105,402.3935102000105,402.4934132000053,402.6934758999996,402.6934758999996,403.1775303000031,up,0.4682948999979999,None,403.17764270000043,403.1933751000033,403.69353600000613,403.67704429999867,,,,,,P2,001,2025-11-21_18h09.43.917,solo_project,,2025.1.1,59.961564634092184,2025-11-21 18h09.56.773523 +0530,
valid,-0.168,0.175,-0.168,0.149,154,10,4,,,,up,0.34133350000774954,None,,,,,4,10,154,0,403.69353600000613,,,,,,,,,,,,,,,,,,,,,,,,,,,,,,,,,403.6778071000008,403.69353600000613,404.6769079000078,404.6769079000078,404.6769079000078,404.7767489000107,404.97699770001054,404.97699770001054,405.32758720000857,up,0.34133350000774954,None,405.32770350000646,405.34328690000984,405.84312590000627,405.8270097000059,,,,,,P2,001,2025-11-21_18h09.43.917,solo_project,,2025.1.1,59.961564634092184,2025-11-21 18h09.56.773523 +0530,
valid,-0.168,-0.175,-0.168,-0.149,155,11,4,,,,up,0.3866020999994362,None,,,,,4,11,155,1,405.84312590000627,,,,,,,,,,,,,,,,,,,,,,,,,,,,,,,,,405.82773990000715,405.84312590000627,406.8431752000033,406.8431752000033,406.8431752000033,406.9433667000121,407.1267854000034,407.1267854000034,407.5274539000093,up,0.3866020999994362,None,407.5275745000108,407.54332290000457,408.04336989999865,408.0271683000028,,,,,,P2,001,2025-11-21_18h09.43.917,solo_project,,2025.1.1,59.961564634092184,2025-11-21 18h09.56.773523 +0530,
valid,-0.168,0.175,-0.168,0.149,156,12,4,,,,up,0.2828005000046687,None,,,,,4,12,156,20,408.04336989999865,,,,,,,,,,,,,,,,,,,,,,,,,,,,,,,,,408.0279251000029,408.04336989999865,409.026734900006,409.026734900006,409.026734900006,409.1267264000053,409.32690430000366,409.32690430000366,409.61067350000667,up,0.2828005000046687,None,409.6107781000028,409.6265882000007,410.12674950000655,410.1103947000083,,,,,,P2,001,2025-11-21_18h09.43.917,solo_project,,2025.1.1,59.961564634092184,2025-11-21 18h09.56.773523 +0530,
invalid_same,0.168,-0.175,0.168,0.149,157,13,4,,,,up,0.43619419999595266,None,,,,,4,13,157,27,410.12674950000655,,,,,,,,,,,,,,,,,,,,,,,,,,,,,,,,,410.11113830000977,410.12674950000655,411.11017580000043,411.11017580000043,411.11017580000043,411.2102412000095,411.41022489999887,411.41022489999887,411.86091000000306,up,0.43619419999595266,None,411.8610226000019,411.8765729000006,412.37651010000263,412.35993659999804,,,,,,P2,001,2025-11-21_18h09.43.917,solo_project,,2025.1.1,59.961564634092184,2025-11-21 18h09.56.773523 +0530,
invalid_same,-0.168,0.175,-0.168,-0.149,158,14,4,,,,up,0.1725307999877259,None,,,,,4,14,158,24,412.37651010000263,,,,,,,,,,,,,,,,,,,,,,,,,,,,,,,,,412.36033750000934,412.37651010000263,413.3601636000094,413.3601636000094,413.3601636000094,413.45996380000724,413.6601701000036,413.6601701000036,413.8441060000041,up,0.1725307999877259,None,413.8442175000091,413.8599791000015,414.36010550000356,414.3436822000076,,,,,,P2,001,2025-11-21_18h09.43.917,solo_project,,2025.1.1,59.961564634092184,2025-11-21 18h09.56.773523 +0530,
invalid_diff,0.168,-0.175,-0.168,-0.149,159,15,4,,,,up,0.16324219999660272,None,,,,,4,15,159,31,414.36010550000356,,,,,,,,,,,,,,,,,,,,,,,,,,,,,,,,,414.344468100011,414.36010550000356,415.3434554000123,415.3434554000123,415.3434554000123,415.4435258000012,415.6434620000073,415.6434620000073,415.8107275000075,up,0.16324219999660272,None,415.81083980000403,415.8265662000049,416.32668480000575,416.31047700000636,,,,,,P2,001,2025-11-21_18h09.43.917,solo_project,,2025.1.1,59.961564634092184,2025-11-21 18h09.56.773523 +0530,
catch,0.168,0.175,None,None,160,16,4,,,,None,,,,,,,4,16,160,34,416.32668480000575,,,,,,,,,,,,,,,,,,,,,,,,,,,,,,,,,416.3117587000015,416.32668480000575,417.3102731000108,417.3102731000108,417.3102731000108,417.4102425000019,417.6101841000054,417.6101841000054,419.59527640001033,None,,,419.5953726000007,419.60979800000496,420.10980220000783,420.0937757000065,419.60979800000496,419.60979800000496,419.60979800000496,419.60979800000496,419.60979800000496,P2,001,2025-11-21_18h09.43.917,solo_project,,2025.1.1,59.961564634092184,2025-11-21 18h09.56.773523 +0530,
invalid_same,-0.168,-0.175,-0.168,0.149,161,17,4,,,,up,0.5173116999940248,None,,,,,4,17,161,25,420.10980220000783,,,,,,,,,,,,,,,,,,,,,,,,,,,,,,,,,420.0949985000043,420.10980220000783,421.11015820001194,421.11015820001194,421.11015820001194,421.21032370001194,421.4102211999998,421.4102211999998,421.9441968000028,up,0.5173116999940248,None,421.9443100000062,421.9599358000123,422.46001819999947,422.44372809999913,,,,,,P2,001,2025-11-21_18h09.43.917,solo_project,,2025.1.1,59.961564634092184,2025-11-21 18h09.56.773523 +0530,
valid,0.168,0.175,0.168,0.149,162,18,4,,,,None,,,,,,,4,18,162,18,422.46001819999947,,,,,,,,,,,,,,,,,,,,,,,,,,,,,,,,,422.44444450001174,422.46001819999947,423.4434048000112,423.4434048000112,423.4434048000112,423.54337120000855,423.7433463000052,423.7433463000052,425.7272299000033,None,,,425.7273170000117,425.74329790000047,426.24326329999894,426.22690259999945,425.74329790000047,425.74329790000047,425.74329790000047,425.74329790000047,425.74329790000047,P2,001,2025-11-21_18h09.43.917,solo_project,,2025.1.1,59.961564634092184,2025-11-21 18h09.56.773523 +0530,
valid,0.168,-0.175,0.168,-0.149,163,19,4,,,,up,0.338450000010198,None,,,,,4,19,163,11,426.24326329999894,,,,,,,,,,,,,,,,,,,,,,,,,,,,,,,,,426.22762130000046,426.2600445999997,427.2600650000095,427.2600650000095,427.2600650000095,427.3602123000019,427.5434163000027,427.5434163000027,427.8939790000004,up,0.338450000010198,None,427.89409110001,427.9099131000112,428.40981580001244,428.39381560000766,,,,,,P2,001,2025-11-21_18h09.43.917,solo_project,,2025.1.1,59.961564634092184,2025-11-21 18h09.56.773523 +0530,
valid,-0.168,-0.175,-0.168,-0.149,164,20,4,,,,up,0.35280340000463184,None,,,,,4,20,164,9,428.40981580001244,,,,,,,,,,,,,,,,,,,,,,,,,,,,,,,,,428.3945492000057,428.40981580001244,429.393387300006,429.393387300006,429.393387300006,429.4933660000097,429.6933931000094,429.6933931000094,430.06057330001204,up,0.35280340000463184,None,430.0607052999985,430.0765339000063,430.57664310000837,430.56070680000994,,,,,,P2,001,2025-11-21_18h09.43.917,solo_project,,2025.1.1,59.961564634092184,2025-11-21 18h09.56.773523 +0530,
valid,0.168,0.175,0.168,0.149,165,21,4,,,,up,0.3183372000057716,None,,,,,4,21,165,10,430.57664310000837,,,,,,,,,,,,,,,,,,,,,,,,,,,,,,,,,430.5614332000114,430.57664310000837,431.5601194000046,431.5601194000046,431.5601194000046,431.66000810000696,431.86003380001057,431.86003380001057,432.1940794000111,up,0.3183372000057716,None,432.19419310000376,432.21000570000615,432.70997590001207,432.6936257000052,,,,,,P2,001,2025-11-21_18h09.43.917,solo_project,,2025.1.1,59.961564634092184,2025-11-21 18h09.56.773523 +0530,
valid,0.168,-0.175,0.168,-0.149,166,22,4,,,,up,0.3552397000021301,None,,,,,4,22,166,7,432.70997590001207,,,,,,,,,,,,,,,,,,,,,,,,,,,,,,,,,432.6944078000088,432.70997590001207,433.6935957000096,433.6935957000096,433.6935957000096,433.79338350000035,433.9934127000015,433.9934127000015,434.3607634000073,up,0.3552397000021301,None,434.36087810000754,434.37654620000103,434.87657580000814,434.86035580000316,,,,,,P2,001,2025-11-21_18h09.43.917,solo_project,,2025.1.1,59.961564634092184,2025-11-21 18h09.56.773523 +0530,
valid,0.168,0.175,0.168,0.149,167,23,4,,,,up,0.27979419998882804,None,,,,,4,23,167,14,434.87657580000814,,,,,,,,,,,,,,,,,,,,,,,,,,,,,,,,,434.86110150000604,434.87657580000814,435.86002290000033,435.86002290000033,435.86002290000033,435.9599936000013,436.1598762000067,436.1598762000067,436.4437944000092,up,0.27979419998882804,None,436.44389619999856,436.4596354000096,436.9596894999995,436.9436648999981,,,,,,P2,001,2025-11-21_18h09.43.917,solo_project,,2025.1.1,59.961564634092184,2025-11-21 18h09.56.773523 +0530,
catch,-0.168,-0.175,None,None,168,24,4,,,,None,,,,,,,4,24,168,33,436.9596894999995,,,,,,,,,,,,,,,,,,,,,,,,,,,,,,,,,436.9447572000063,436.9596894999995,437.94333700000425,437.94333700000425,437.94333700000425,438.04346860000805,438.2434049000003,438.2434049000003,440.2272482000117,None,,,440.22736230000737,440.24320690000604,440.7434423000086,440.7269326000096,440.24320690000604,440.24320690000604,440.24320690000604,440.24320690000604,440.24320690000604,P2,001,2025-11-21_18h09.43.917,solo_project,,2025.1.1,59.961564634092184,2025-11-21 18h09.56.773523 +0530,
valid,0.168,-0.175,0.168,-0.149,169,25,4,,,,up,0.2906566000019666,None,,,,,4,25,169,3,440.7434423000086,,,,,,,,,,,,,,,,,,,,,,,,,,,,,,,,,440.72770060000767,440.7434423000086,441.7432306000119,441.7432306000119,441.7432306000119,441.84326090000104,442.04333920001227,442.04333920001227,442.344110200007,up,0.2906566000019666,None,442.34426680000615,442.35955040001136,442.85969120000664,442.84351869999955,,,,,,P2,001,2025-11-21_18h09.43.917,solo_project,,2025.1.1,59.961564634092184,2025-11-21 18h09.56.773523 +0530,
valid,0.168,-0.175,0.168,-0.149,170,26,4,,,,up,0.38543169999320526,None,,,,,4,26,170,23,442.85969120000664,,,,,,,,,,,,,,,,,,,,,,,,,,,,,,,,,442.8445204000018,442.85969120000664,443.8600088000094,443.8600088000094,443.8600088000094,443.95994970000174,444.14350489999924,444.14350489999924,444.54403319999983,up,0.38543169999320526,None,444.54414760001237,444.5599105000001,445.05999800001155,445.0436381000036,,,,,,P2,001,2025-11-21_18h09.43.917,solo_project,,2025.1.1,59.961564634092184,2025-11-21 18h09.56.773523 +0530,
valid,0.168,0.175,0.168,0.149,171,27,4,,,,up,0.2958931000030134,None,,,,,4,27,171,22,445.05999800001155,,,,,,,,,,,,,,,,,,,,,,,,,,,,,,,,,445.0444736000063,445.05999800001155,446.0432673000032,446.0432673000032,446.0432673000032,446.14334910000616,446.3434665000095,446.3434665000095,446.6439726000099,up,0.2958931000030134,None,446.6440924000053,446.6598468000011,447.1599084000045,447.14359800000966,,,,,,P2,001,2025-11-21_18h09.43.917,solo_project,,2025.1.1,59.961564634092184,2025-11-21 18h09.56.773523 +0530,
valid,0.168,-0.175,0.168,-0.149,172,28,4,,,,up,0.3521069999987958,None,,,,,4,28,172,19,447.1599084000045,,,,,,,,,,,,,,,,,,,,,,,,,,,,,,,,,447.14432430001034,447.1599084000045,448.15981589999865,448.15981589999865,448.15981589999865,448.25972190000175,448.44322990000364,448.44322990000364,448.8103596000001,up,0.3521069999987958,None,448.8105137000093,448.82634990000224,449.326539200003,449.3102207000047,,,,,,P2,001,2025-11-21_18h09.43.917,solo_project,,2025.1.1,59.961564634092184,2025-11-21 18h09.56.773523 +0530,
valid,0.168,0.175,0.168,0.149,173,29,4,,,,up,0.346278800003347,None,,,,,4,29,173,2,449.326539200003,,,,,,,,,,,,,,,,,,,,,,,,,,,,,,,,,449.3109842000122,449.326539200003,450.3099186000036,450.3099186000036,450.3099186000036,450.40997130000324,450.61006750000524,450.61006750000524,450.9606443000084,up,0.346278800003347,None,450.9607568000065,450.9765436000016,451.47648370001116,451.46037040000374,,,,,,P2,001,2025-11-21_18h09.43.917,solo_project,,2025.1.1,59.961564634092184,2025-11-21 18h09.56.773523 +0530,
catch,-0.168,0.175,None,None,174,30,4,,,,None,,,,,,,4,30,174,32,451.47648370001116,,,,,,,,,,,,,,,,,,,,,,,,,,,,,,,,,451.46138570000767,451.47648370001116,452.45996690000175,452.45996690000175,452.45996690000175,452.55992720001086,452.7599895000021,452.7599895000021,454.74353490000067,None,,,454.7436147000117,454.7596365000063,455.25989640000626,455.24351270000625,454.7596365000063,454.7596365000063,454.7596365000063,454.7596365000063,454.7596365000063,P2,001,2025-11-21_18h09.43.917,solo_project,,2025.1.1,59.961564634092184,2025-11-21 18h09.56.773523 +0530,
valid,-0.168,0.175,-0.168,0.149,175,31,4,,,,up,0.4161644999985583,None,,,,,4,31,175,12,455.25989640000626,,,,,,,,,,,,,,,,,,,,,,,,,,,,,,,,,455.2442463000043,455.25989640000626,456.26001540001016,456.26001540001016,456.26001540001016,456.3599857000081,456.55997450000723,456.55997450000723,456.97724310000194,up,0.4161644999985583,None,456.9773578000022,456.9931235000113,457.493088800009,457.4768566999992,,,,,,P2,001,2025-11-21_18h09.43.917,solo_project,,2025.1.1,59.961564634092184,2025-11-21 18h09.56.773523 +0530,
valid,-0.168,-0.175,-0.168,-0.149,176,32,4,,,,up,0.3678057999932207,None,,,,,4,32,176,13,457.493088800009,,,,,,,,,,,,,,,,,,,,,,,,,,,,,,,,,457.4776042000012,457.493088800009,458.4767359000107,458.4767359000107,458.4767359000107,458.57656169999973,458.77664510000614,458.77664510000614,459.1607087000011,up,0.3678057999932207,None,459.16082210000604,459.1764303000091,459.67659880001156,459.660469200011,,,,,,P2,001,2025-11-21_18h09.43.917,solo_project,,2025.1.1,59.961564634092184,2025-11-21 18h09.56.773523 +0530,
invalid_diff,-0.168,0.175,0.168,0.149,177,33,4,,,,up,0.39419249999627937,None,,,,,4,33,177,28,459.67659880001156,,,,,,,,,,,,,,,,,,,,,,,,,,,,,,,,,459.66119179999805,459.67659880001156,460.67651340000157,460.67651340000157,460.67651340000157,460.77654980000807,460.9600558000093,460.9600558000093,461.3605242000049,up,0.39419249999627937,None,461.3606521000038,461.37647470000957,461.8764346000098,461.8602021000115,,,,,,P2,001,2025-11-21_18h09.43.917,solo_project,,2025.1.1,59.961564634092184,2025-11-21 18h09.56.773523 +0530,
invalid_diff,-0.168,-0.175,0.168,-0.149,178,34,4,,,,up,0.36523709999164566,None,,,,,4,34,178,29,461.8764346000098,,,,,,,,,,,,,,,,,,,,,,,,,,,,,,,,,461.8609473000106,461.8764346000098,462.8598999000096,462.8598999000096,462.8598999000096,462.95984870000393,463.1600444000069,463.1600444000069,463.52727669999877,up,0.36523709999164566,None,463.52739129999827,463.54316560000007,464.0431013000052,464.02681029999803,,,,,,P2,001,2025-11-21_18h09.43.917,solo_project,,2025.1.1,59.961564634092184,2025-11-21 18h09.56.773523 +0530,
catch,0.168,-0.175,None,None,179,35,4,,,,None,,,,,,,4,35,179,35,464.0431013000052,,,,,,,,,,,,,,,,,,,,,,,,,,,,,,,,,464.0277383000066,464.0431013000052,465.0265500000096,465.0265500000096,465.0265500000096,465.1266128999996,465.32660770000075,465.32660770000075,467.31050099999993,None,,,467.31060940001043,467.3264462000079,467.8263761999988,467.81017430000065,467.3264462000079,467.3264462000079,467.3264462000079,467.3264462000079,467.3264462000079,P2,001,2025-11-21_18h09.43.917,solo_project,,2025.1.1,59.961564634092184,2025-11-21 18h09.56.773523 +0530,
